order_id,customer_id,order_date,total_amount,payment_method,order_status
ORD00001,CUST00647,1/22/2025,5400.46,NetBanking,Pending
ORD00002,CUST00775,2/9/2025,6599.54,COD,Shipped
ORD00003,CUST00195,3/26/2024,9391.91,COD,Delivered
ORD00004,CUST00763,5/14/2025,3555.92,COD,Pending
ORD00005,CUST00330,7/17/2024,9709.41,Card,Delivered
ORD00006,CUST00464,1/19/2024,2983.59,NetBanking,Delivered
ORD00007,CUST00957,12/6/2024,5713.55,NetBanking,Pending
ORD00008,CUST00858,1/18/2025,310.08,NetBanking,Pending
ORD00009,CUST00138,2/13/2024,12676.73,UPI,Shipped
ORD00010,CUST00507,8/30/2024,8393.06,NetBanking,Delivered
ORD00011,CUST00831,11/15/2024,680.71,NetBanking,Shipped
ORD00012,CUST00550,6/8/2024,12368.04,NetBanking,Delivered
ORD00013,CUST00110,3/15/2025,1012.71,NetBanking,Shipped
ORD00014,CUST00265,12/22/2024,12272.26,Card,Cancelled
ORD00015,CUST00871,6/23/2024,6298.04,UPI,Cancelled
ORD00016,CUST00511,2/8/2024,4764.1,NetBanking,Pending
ORD00017,CUST00027,1/12/2024,14722.56,NetBanking,Shipped
ORD00018,CUST00096,12/30/2024,13068.67,UPI,Cancelled
ORD00019,CUST00098,2/28/2024,14624.66,NetBanking,Cancelled
ORD00020,CUST00127,3/30/2025,2902.76,Card,Delivered
ORD00021,CUST00051,4/28/2024,4292.42,UPI,Cancelled
ORD00022,CUST00566,4/9/2025,9936.92,UPI,Pending
ORD00023,CUST00954,1/20/2025,802.91,COD,Delivered
ORD00024,CUST00342,12/2/2024,4181.91,UPI,Shipped
ORD00025,CUST00097,2/5/2024,14244.96,UPI,Delivered
ORD00026,CUST00489,4/1/2025,829.37,NetBanking,Pending
ORD00027,CUST00110,10/4/2024,4111.38,Card,Delivered
ORD00028,CUST00173,6/20/2024,2939.91,UPI,Delivered
ORD00029,CUST00224,8/28/2024,10985.48,Card,Shipped
ORD00030,CUST00981,1/12/2025,12368.2,Card,Pending
ORD00031,CUST00698,1/3/2024,7940.03,NetBanking,Shipped
ORD00032,CUST00561,9/9/2024,3721.09,COD,Shipped
ORD00033,CUST00683,11/9/2024,5948.93,NetBanking,Cancelled
ORD00034,CUST00415,3/10/2024,14611.08,COD,Cancelled
ORD00035,CUST00256,5/17/2024,9322.5,UPI,Pending
ORD00036,CUST00664,5/10/2024,9157.79,UPI,Delivered
ORD00037,CUST00605,7/26/2024,3029.24,NetBanking,Shipped
ORD00038,CUST00189,10/22/2024,12253.8,UPI,Shipped
ORD00039,CUST00729,3/8/2024,795.05,Card,Delivered
ORD00040,CUST00074,1/9/2025,10324.21,Card,Shipped
ORD00041,CUST00983,5/21/2024,1866.68,UPI,Shipped
ORD00042,CUST00114,1/2/2025,12483.57,UPI,Pending
ORD00043,CUST00350,2/24/2024,3253.74,Card,Shipped
ORD00044,CUST00664,1/5/2025,11826.84,NetBanking,Cancelled
ORD00045,CUST00421,5/15/2025,5805.12,NetBanking,Pending
ORD00046,CUST00207,12/5/2024,12894.79,Card,Shipped
ORD00047,CUST00362,7/18/2024,2982.41,Card,Pending
ORD00048,CUST00972,9/7/2024,4253.68,UPI,Cancelled
ORD00049,CUST00444,1/2/2024,7061.02,UPI,Delivered
ORD00050,CUST00470,1/18/2025,7959.37,Card,Pending
ORD00051,CUST00903,2/26/2024,4450.71,NetBanking,Cancelled
ORD00052,CUST00437,3/31/2024,11581.99,COD,Delivered
ORD00053,CUST00466,10/27/2024,5348.08,Card,Pending
ORD00054,CUST00705,4/12/2024,12984.95,COD,Pending
ORD00055,CUST00165,5/18/2024,7309.18,COD,Shipped
ORD00056,CUST00800,1/9/2024,3669.43,COD,Pending
ORD00057,CUST00972,4/22/2024,8365.85,Card,Delivered
ORD00058,CUST00739,5/17/2024,5688.34,NetBanking,Delivered
ORD00059,CUST00883,5/19/2024,9942.75,NetBanking,Pending
ORD00060,CUST00065,1/11/2024,8593.91,UPI,Shipped
ORD00061,CUST00290,4/5/2025,3931.06,Card,Shipped
ORD00062,CUST00509,11/17/2024,14666.29,UPI,Shipped
ORD00063,CUST00021,5/5/2025,5045.17,COD,Cancelled
ORD00064,CUST00493,1/1/2024,3062.6,UPI,Cancelled
ORD00065,CUST00783,1/4/2025,6487.76,NetBanking,Shipped
ORD00066,CUST00412,11/17/2024,10113.58,NetBanking,Delivered
ORD00067,CUST00484,7/13/2024,9444.36,Card,Cancelled
ORD00068,CUST00879,1/24/2024,5174.99,COD,Shipped
ORD00069,CUST00342,9/29/2024,7498.63,COD,Delivered
ORD00070,CUST00079,12/19/2024,1727.25,Card,Shipped
ORD00071,CUST00888,7/29/2024,849.38,COD,Pending
ORD00072,CUST00757,9/30/2024,1274.54,COD,Shipped
ORD00073,CUST00756,4/23/2024,3375.1,NetBanking,Delivered
ORD00074,CUST00263,1/19/2024,373.13,COD,Delivered
ORD00075,CUST00659,5/23/2024,8911.67,COD,Shipped
ORD00076,CUST00349,2/17/2024,13868.79,UPI,Delivered
ORD00077,CUST00257,2/16/2025,11908.27,Card,Delivered
ORD00078,CUST00706,8/31/2024,4300.81,Card,Delivered
ORD00079,CUST00863,4/19/2025,7445.33,Card,Pending
ORD00080,CUST00339,3/30/2025,1681.38,Card,Cancelled
ORD00081,CUST00438,1/1/2024,10506.41,NetBanking,Pending
ORD00082,CUST00713,10/11/2024,2631.56,UPI,Delivered
ORD00083,CUST00282,12/7/2024,3049.66,Card,Shipped
ORD00084,CUST00047,1/12/2025,11040.12,Card,Shipped
ORD00085,CUST00136,4/11/2024,4566,UPI,Pending
ORD00086,CUST00634,4/25/2024,2190.82,UPI,Shipped
ORD00087,CUST00643,7/6/2024,11397.52,NetBanking,Pending
ORD00088,CUST00705,3/19/2024,1136.37,Card,Pending
ORD00089,CUST00008,7/12/2024,2736.35,UPI,Shipped
ORD00090,CUST00864,12/16/2024,13414.93,UPI,Delivered
ORD00091,CUST00162,1/26/2025,3334.42,Card,Pending
ORD00092,CUST00446,2/25/2024,3593.01,Card,Cancelled
ORD00093,CUST00533,12/31/2024,10763.09,NetBanking,Pending
ORD00094,CUST00849,3/21/2024,14958.82,Card,Pending
ORD00095,CUST00177,8/5/2024,9242.04,COD,Cancelled
ORD00096,CUST00267,6/10/2024,9172.96,UPI,Shipped
ORD00097,CUST00303,7/26/2024,5757.79,COD,Delivered
ORD00098,CUST00596,3/23/2025,1907.14,Card,Delivered
ORD00099,CUST00755,4/27/2024,10563.99,UPI,Pending
ORD00100,CUST00932,7/21/2024,9814.9,Card,Delivered
ORD00101,CUST00185,9/22/2024,8177.58,Card,Shipped
ORD00102,CUST00930,5/3/2024,951.22,UPI,Shipped
ORD00103,CUST00566,10/2/2024,1436.8,UPI,Cancelled
ORD00104,CUST00341,5/13/2024,8323.83,Card,Delivered
ORD00105,CUST00503,8/6/2024,12783.63,Card,Shipped
ORD00106,CUST00809,2/15/2025,3463.52,UPI,Shipped
ORD00107,CUST00453,11/15/2024,1257.24,UPI,Cancelled
ORD00108,CUST00169,8/23/2024,10283.82,NetBanking,Delivered
ORD00109,CUST00784,1/17/2024,370.64,UPI,Delivered
ORD00110,CUST00830,3/17/2025,10901.73,UPI,Cancelled
ORD00111,CUST00776,3/25/2024,11184.53,UPI,Delivered
ORD00112,CUST00195,12/18/2024,7315.54,UPI,Pending
ORD00113,CUST00916,2/5/2025,8177.66,NetBanking,Delivered
ORD00114,CUST00646,2/7/2025,11277.38,UPI,Shipped
ORD00115,CUST00321,6/29/2024,5809.87,UPI,Cancelled
ORD00116,CUST00300,1/20/2025,4059.9,UPI,Shipped
ORD00117,CUST00685,11/3/2024,8730.5,COD,Cancelled
ORD00118,CUST00535,9/8/2024,13671.75,UPI,Shipped
ORD00119,CUST00845,3/30/2024,11495.78,UPI,Cancelled
ORD00120,CUST00481,7/13/2024,797.67,COD,Pending
ORD00121,CUST00046,1/14/2024,9068.33,UPI,Cancelled
ORD00122,CUST00252,3/29/2025,5792.86,NetBanking,Delivered
ORD00123,CUST00742,7/4/2024,7835.18,Card,Pending
ORD00124,CUST00577,7/12/2024,2019.55,COD,Shipped
ORD00125,CUST00276,2/12/2025,7772.9,NetBanking,Cancelled
ORD00126,CUST00051,12/4/2024,5619.92,Card,Pending
ORD00127,CUST00043,1/8/2025,8377.64,UPI,Pending
ORD00128,CUST00417,1/28/2024,3277.16,COD,Pending
ORD00129,CUST00364,11/12/2024,11840.54,UPI,Shipped
ORD00130,CUST00067,3/5/2024,1098.53,UPI,Delivered
ORD00131,CUST00402,3/19/2025,3941.66,UPI,Delivered
ORD00132,CUST00641,5/13/2024,11052.62,Card,Pending
ORD00133,CUST00902,9/12/2024,13977.32,Card,Pending
ORD00134,CUST00783,1/2/2025,2977.72,UPI,Pending
ORD00135,CUST00249,5/17/2024,2491.94,UPI,Shipped
ORD00136,CUST00410,12/22/2024,9362.31,NetBanking,Shipped
ORD00137,CUST00586,9/24/2024,9748.75,NetBanking,Pending
ORD00138,CUST00163,6/1/2024,506.5,COD,Shipped
ORD00139,CUST00740,7/7/2024,10933.38,COD,Shipped
ORD00140,CUST00318,2/23/2024,14419.45,NetBanking,Delivered
ORD00141,CUST00895,8/24/2024,803.53,COD,Cancelled
ORD00142,CUST00647,4/29/2025,5970.24,NetBanking,Cancelled
ORD00143,CUST00298,1/22/2025,13020.85,UPI,Shipped
ORD00144,CUST00808,7/25/2024,3590.37,NetBanking,Cancelled
ORD00145,CUST00700,10/5/2024,2966.94,Card,Delivered
ORD00146,CUST00087,12/8/2024,7153.51,NetBanking,Pending
ORD00147,CUST00287,2/9/2025,12973.65,UPI,Shipped
ORD00148,CUST00112,1/9/2025,5651.9,Card,Cancelled
ORD00149,CUST00743,6/18/2024,14592.65,COD,Delivered
ORD00150,CUST00705,12/10/2024,5230.95,NetBanking,Delivered
ORD00151,CUST00299,3/12/2025,3734.49,Card,Shipped
ORD00152,CUST00784,5/11/2025,12394.28,Card,Cancelled
ORD00153,CUST00323,10/27/2024,13275.51,UPI,Pending
ORD00154,CUST00228,1/7/2025,12139.23,UPI,Delivered
ORD00155,CUST00729,2/18/2024,9077.86,COD,Delivered
ORD00156,CUST00050,10/5/2024,9175.56,Card,Shipped
ORD00157,CUST00094,10/30/2024,9536.93,Card,Pending
ORD00158,CUST00138,4/20/2024,6193.92,NetBanking,Shipped
ORD00159,CUST00904,1/21/2024,6218.37,UPI,Delivered
ORD00160,CUST00086,5/4/2025,13788.33,COD,Cancelled
ORD00161,CUST00098,7/18/2024,7033.35,COD,Delivered
ORD00162,CUST00934,1/6/2024,2935.47,UPI,Delivered
ORD00163,CUST00110,10/27/2024,5151.91,COD,Delivered
ORD00164,CUST00131,10/8/2024,12596.43,UPI,Shipped
ORD00165,CUST00387,12/18/2024,5141.01,COD,Cancelled
ORD00166,CUST00291,1/8/2025,12381.01,UPI,Pending
ORD00167,CUST00004,4/14/2025,13257.76,Card,Pending
ORD00168,CUST00625,7/7/2024,11922.82,Card,Delivered
ORD00169,CUST00319,2/9/2024,9134.63,UPI,Cancelled
ORD00170,CUST00553,2/25/2024,4525.2,Card,Pending
ORD00171,CUST00489,9/28/2024,5275.66,UPI,Shipped
ORD00172,CUST00418,1/22/2025,3081.65,Card,Shipped
ORD00173,CUST00617,11/6/2024,7686.62,UPI,Shipped
ORD00174,CUST00282,8/19/2024,5160.83,COD,Delivered
ORD00175,CUST00262,2/17/2024,14019.91,NetBanking,Shipped
ORD00176,CUST00549,9/23/2024,6227.27,UPI,Cancelled
ORD00177,CUST00022,11/18/2024,11714.67,NetBanking,Shipped
ORD00178,CUST00959,9/9/2024,6053.35,COD,Delivered
ORD00179,CUST00711,9/22/2024,1620.58,Card,Pending
ORD00180,CUST00867,2/3/2025,465.94,UPI,Shipped
ORD00181,CUST00057,3/23/2025,7899.8,Card,Cancelled
ORD00182,CUST00408,7/18/2024,13291.19,UPI,Delivered
ORD00183,CUST00158,7/16/2024,10336.64,UPI,Cancelled
ORD00184,CUST00764,4/26/2025,3350.23,Card,Shipped
ORD00185,CUST00920,5/10/2024,5239.89,UPI,Pending
ORD00186,CUST00564,9/17/2024,2914.38,UPI,Pending
ORD00187,CUST00868,11/16/2024,7382,Card,Shipped
ORD00188,CUST00852,9/25/2024,4103.99,UPI,Delivered
ORD00189,CUST00312,5/3/2024,13466.14,UPI,Pending
ORD00190,CUST00199,2/3/2025,5270.62,Card,Pending
ORD00191,CUST00684,3/17/2025,13708.32,Card,Pending
ORD00192,CUST00218,1/24/2024,3659.46,NetBanking,Delivered
ORD00193,CUST00105,1/28/2024,10071.98,COD,Delivered
ORD00194,CUST00842,11/6/2024,902.87,NetBanking,Delivered
ORD00195,CUST00297,2/15/2025,4429.31,Card,Delivered
ORD00196,CUST00464,12/31/2024,14880.03,Card,Pending
ORD00197,CUST00613,1/22/2025,10651.19,COD,Pending
ORD00198,CUST00800,3/21/2025,9920.21,COD,Delivered
ORD00199,CUST00535,3/31/2025,4574.1,NetBanking,Pending
ORD00200,CUST00975,11/22/2024,8617.67,Card,Cancelled
ORD00201,CUST00106,10/16/2024,4557.23,NetBanking,Shipped
ORD00202,CUST00180,5/3/2025,13379.99,UPI,Shipped
ORD00203,CUST00800,3/5/2025,12144.75,Card,Cancelled
ORD00204,CUST00145,2/3/2025,11688.78,COD,Pending
ORD00205,CUST00574,10/15/2024,14417.29,UPI,Pending
ORD00206,CUST00717,11/14/2024,539.82,COD,Shipped
ORD00207,CUST00656,7/22/2024,1942.21,COD,Delivered
ORD00208,CUST00453,11/24/2024,2773.94,Card,Cancelled
ORD00209,CUST00966,10/14/2024,14921.44,Card,Shipped
ORD00210,CUST00687,6/15/2024,10005.64,NetBanking,Shipped
ORD00211,CUST00973,4/5/2025,7899.09,UPI,Cancelled
ORD00212,CUST00004,2/27/2025,13479.31,COD,Delivered
ORD00213,CUST00924,3/13/2024,10488.12,COD,Cancelled
ORD00214,CUST00563,1/16/2024,12107.86,Card,Pending
ORD00215,CUST00782,10/29/2024,5509.09,Card,Pending
ORD00216,CUST00273,12/4/2024,1583.76,COD,Pending
ORD00217,CUST00417,6/25/2024,9529.22,Card,Delivered
ORD00218,CUST00494,10/14/2024,12169.38,UPI,Shipped
ORD00219,CUST00195,1/27/2025,12147.04,NetBanking,Cancelled
ORD00220,CUST00769,4/17/2025,1978.75,Card,Cancelled
ORD00221,CUST00555,7/23/2024,2404.49,NetBanking,Cancelled
ORD00222,CUST00921,11/16/2024,800.32,UPI,Shipped
ORD00223,CUST00771,9/1/2024,3511.27,UPI,Pending
ORD00224,CUST00401,11/3/2024,13628.62,COD,Delivered
ORD00225,CUST00120,1/29/2024,12538.91,COD,Shipped
ORD00226,CUST00084,2/8/2024,10091.06,NetBanking,Delivered
ORD00227,CUST00969,1/25/2024,1180.09,UPI,Cancelled
ORD00228,CUST00301,2/11/2024,9521.96,UPI,Cancelled
ORD00229,CUST00465,1/28/2024,6235.31,Card,Shipped
ORD00230,CUST00597,3/22/2025,14251.47,COD,Shipped
ORD00231,CUST00748,1/26/2024,5651.74,NetBanking,Cancelled
ORD00232,CUST00918,1/9/2024,7529.98,COD,Cancelled
ORD00233,CUST00167,7/19/2024,1061.09,COD,Shipped
ORD00234,CUST00413,1/6/2025,11491.9,COD,Shipped
ORD00235,CUST00141,11/1/2024,5299.35,UPI,Pending
ORD00236,CUST00641,1/6/2025,12424.89,COD,Delivered
ORD00237,CUST00579,3/23/2024,10549.35,UPI,Cancelled
ORD00238,CUST00407,1/12/2024,14061.3,NetBanking,Delivered
ORD00239,CUST00200,5/11/2025,3136.9,COD,Shipped
ORD00240,CUST00960,2/15/2024,2163.45,NetBanking,Cancelled
ORD00241,CUST00953,1/1/2025,2734.48,NetBanking,Pending
ORD00242,CUST00479,2/25/2024,8261.34,UPI,Pending
ORD00243,CUST00210,1/6/2024,12773.27,Card,Delivered
ORD00244,CUST00618,2/10/2024,2618.07,COD,Delivered
ORD00245,CUST00769,4/22/2024,6444.11,NetBanking,Shipped
ORD00246,CUST00508,8/27/2024,8282.47,NetBanking,Pending
ORD00247,CUST00195,3/3/2024,3430.16,UPI,Cancelled
ORD00248,CUST00271,6/6/2024,8969.81,Card,Cancelled
ORD00249,CUST00145,1/25/2024,12989.02,NetBanking,Delivered
ORD00250,CUST00838,5/13/2025,1598.84,NetBanking,Cancelled
ORD00251,CUST00243,1/28/2024,6885.73,NetBanking,Delivered
ORD00252,CUST00482,7/22/2024,8105.89,Card,Pending
ORD00253,CUST00810,1/14/2025,7594.94,Card,Shipped
ORD00254,CUST00015,2/8/2024,12542.58,UPI,Pending
ORD00255,CUST00841,4/2/2025,8917.1,Card,Delivered
ORD00256,CUST00199,11/17/2024,4064.26,COD,Shipped
ORD00257,CUST00560,10/20/2024,5234.04,COD,Pending
ORD00258,CUST00777,4/29/2024,6505.1,Card,Shipped
ORD00259,CUST00118,3/24/2025,12751.53,Card,Cancelled
ORD00260,CUST00030,7/28/2024,5209.37,COD,Delivered
ORD00261,CUST00805,9/9/2024,10601.73,COD,Pending
ORD00262,CUST00950,12/14/2024,14918.12,COD,Pending
ORD00263,CUST00063,12/24/2024,6159.36,COD,Shipped
ORD00264,CUST00415,4/5/2025,7870.51,Card,Delivered
ORD00265,CUST00783,7/5/2024,233.32,Card,Delivered
ORD00266,CUST00861,12/3/2024,2729.92,Card,Cancelled
ORD00267,CUST00691,6/16/2024,2556.41,COD,Cancelled
ORD00268,CUST00796,1/8/2024,5158.76,COD,Delivered
ORD00269,CUST00272,12/17/2024,6193.03,Card,Delivered
ORD00270,CUST00667,9/24/2024,11597.34,Card,Delivered
ORD00271,CUST00143,10/19/2024,5045.41,COD,Pending
ORD00272,CUST00609,1/21/2025,14332.39,NetBanking,Shipped
ORD00273,CUST00639,8/8/2024,9212.63,NetBanking,Delivered
ORD00274,CUST00163,5/2/2025,2077.74,UPI,Cancelled
ORD00275,CUST00035,2/12/2025,14280.72,Card,Pending
ORD00276,CUST00737,5/14/2025,9053.7,NetBanking,Cancelled
ORD00277,CUST00134,11/27/2024,4612.43,NetBanking,Delivered
ORD00278,CUST00087,11/27/2024,4396.78,COD,Pending
ORD00279,CUST00830,5/7/2025,11317.38,UPI,Pending
ORD00280,CUST00366,2/16/2024,13870.01,Card,Pending
ORD00281,CUST00400,8/17/2024,7268.5,Card,Delivered
ORD00282,CUST00631,4/23/2025,6889.69,COD,Delivered
ORD00283,CUST00629,5/8/2025,1139.52,COD,Pending
ORD00284,CUST00545,11/8/2024,7488.57,Card,Pending
ORD00285,CUST00510,9/15/2024,10834.39,Card,Shipped
ORD00286,CUST00529,6/12/2024,8736.7,COD,Delivered
ORD00287,CUST00659,2/8/2025,8075.68,UPI,Pending
ORD00288,CUST00191,11/25/2024,10298.61,Card,Cancelled
ORD00289,CUST00713,1/27/2024,4186.04,UPI,Cancelled
ORD00290,CUST00400,1/21/2025,5837.9,NetBanking,Pending
ORD00291,CUST00040,10/18/2024,653.39,UPI,Shipped
ORD00292,CUST00922,5/23/2024,8218.2,NetBanking,Cancelled
ORD00293,CUST00258,5/17/2024,2901.83,COD,Pending
ORD00294,CUST00404,10/30/2024,3102.39,NetBanking,Cancelled
ORD00295,CUST00654,4/5/2024,3850.05,Card,Cancelled
ORD00296,CUST00401,2/8/2025,12488.56,Card,Shipped
ORD00297,CUST00984,10/6/2024,13542.46,UPI,Cancelled
ORD00298,CUST00169,7/26/2024,4058.78,NetBanking,Shipped
ORD00299,CUST00780,9/29/2024,5200.74,COD,Shipped
ORD00300,CUST00968,4/12/2025,5281.59,Card,Shipped
ORD00301,CUST00969,7/25/2024,8919.04,Card,Cancelled
ORD00302,CUST00623,9/28/2024,11768.9,NetBanking,Delivered
ORD00303,CUST00882,4/24/2024,14873.15,UPI,Pending
ORD00304,CUST00375,7/8/2024,579.76,COD,Cancelled
ORD00305,CUST00396,5/4/2025,14253.74,NetBanking,Delivered
ORD00306,CUST00329,11/8/2024,11388.62,NetBanking,Cancelled
ORD00307,CUST00008,4/24/2024,3073.56,UPI,Delivered
ORD00308,CUST00853,4/19/2025,1875.31,COD,Pending
ORD00309,CUST00049,3/25/2024,3147.39,NetBanking,Shipped
ORD00310,CUST00813,5/17/2024,757.82,NetBanking,Shipped
ORD00311,CUST00315,7/20/2024,1505.47,NetBanking,Pending
ORD00312,CUST00335,2/25/2024,12448.47,Card,Delivered
ORD00313,CUST00747,4/20/2024,2767.94,Card,Pending
ORD00314,CUST00746,8/31/2024,12718.96,UPI,Shipped
ORD00315,CUST00437,2/12/2025,6820.44,NetBanking,Delivered
ORD00316,CUST00983,1/9/2024,9387.41,Card,Delivered
ORD00317,CUST00974,5/25/2024,11592.44,UPI,Delivered
ORD00318,CUST00363,2/1/2025,2824.41,COD,Delivered
ORD00319,CUST00606,12/22/2024,7951.07,UPI,Shipped
ORD00320,CUST00490,1/22/2025,299.55,NetBanking,Shipped
ORD00321,CUST00865,4/30/2024,7810.99,NetBanking,Pending
ORD00322,CUST00912,3/24/2024,2225.38,NetBanking,Pending
ORD00323,CUST00060,8/1/2024,14342.08,COD,Pending
ORD00324,CUST00453,10/2/2024,4337.16,Card,Shipped
ORD00325,CUST00724,9/9/2024,5200.78,NetBanking,Cancelled
ORD00326,CUST00648,10/4/2024,5225.14,COD,Cancelled
ORD00327,CUST00888,2/11/2025,4896.44,NetBanking,Shipped
ORD00328,CUST00132,9/14/2024,4707.22,UPI,Delivered
ORD00329,CUST00710,2/19/2025,6535.99,NetBanking,Delivered
ORD00330,CUST00955,3/10/2024,12794.99,UPI,Delivered
ORD00331,CUST00821,3/20/2024,4741.25,Card,Shipped
ORD00332,CUST00982,2/7/2024,3699.03,UPI,Cancelled
ORD00333,CUST00325,3/20/2025,1224.79,UPI,Cancelled
ORD00334,CUST00493,6/23/2024,700.08,Card,Pending
ORD00335,CUST00756,10/11/2024,2895.81,UPI,Cancelled
ORD00336,CUST00292,6/4/2024,12796.61,COD,Pending
ORD00337,CUST00635,10/27/2024,14927.49,COD,Shipped
ORD00338,CUST00987,9/12/2024,12785.06,Card,Pending
ORD00339,CUST00921,8/17/2024,9632.36,COD,Cancelled
ORD00340,CUST00424,11/25/2024,2415.63,UPI,Shipped
ORD00341,CUST00867,7/6/2024,7826.65,Card,Cancelled
ORD00342,CUST00215,5/27/2024,14255.61,UPI,Shipped
ORD00343,CUST00834,2/16/2025,2758.53,UPI,Shipped
ORD00344,CUST00857,4/7/2024,1131.15,Card,Shipped
ORD00345,CUST00862,3/25/2025,9748.19,NetBanking,Delivered
ORD00346,CUST00387,1/31/2024,11126.79,UPI,Shipped
ORD00347,CUST00269,7/31/2024,7445.16,Card,Pending
ORD00348,CUST00025,6/25/2024,8081.19,COD,Pending
ORD00349,CUST00724,9/22/2024,1488.96,COD,Shipped
ORD00350,CUST00186,2/6/2025,13517.8,COD,Pending
ORD00351,CUST00267,6/13/2024,11253.03,NetBanking,Cancelled
ORD00352,CUST00139,9/4/2024,5807.86,UPI,Cancelled
ORD00353,CUST00634,3/13/2024,1535.46,COD,Pending
ORD00354,CUST00674,4/5/2025,8396.24,UPI,Pending
ORD00355,CUST00563,1/28/2024,13061.65,COD,Delivered
ORD00356,CUST00481,11/26/2024,2798.13,COD,Shipped
ORD00357,CUST00454,4/11/2024,11850.73,Card,Shipped
ORD00358,CUST00858,5/4/2025,13906.09,NetBanking,Shipped
ORD00359,CUST00159,3/29/2024,8734.39,Card,Pending
ORD00360,CUST00176,3/27/2025,14339.06,COD,Cancelled
ORD00361,CUST00875,12/2/2024,8860.62,NetBanking,Shipped
ORD00362,CUST00564,10/10/2024,2329.32,Card,Cancelled
ORD00363,CUST00373,11/30/2024,10596.56,Card,Shipped
ORD00364,CUST00570,6/12/2024,14107.5,NetBanking,Pending
ORD00365,CUST00501,3/3/2024,10926.83,COD,Pending
ORD00366,CUST00166,4/22/2024,12161.98,NetBanking,Shipped
ORD00367,CUST00021,4/27/2025,8651.45,NetBanking,Cancelled
ORD00368,CUST00831,10/22/2024,14305.55,COD,Delivered
ORD00369,CUST00915,4/2/2024,6813.04,COD,Delivered
ORD00370,CUST00585,4/5/2024,2780.09,UPI,Shipped
ORD00371,CUST00340,1/29/2024,3848.04,COD,Pending
ORD00372,CUST00116,1/3/2025,3370.71,NetBanking,Shipped
ORD00373,CUST00975,10/23/2024,8463.02,Card,Shipped
ORD00374,CUST00029,3/17/2024,12222.35,UPI,Shipped
ORD00375,CUST00374,2/10/2025,6077.55,UPI,Shipped
ORD00376,CUST00039,3/29/2024,13273.9,NetBanking,Pending
ORD00377,CUST00831,11/6/2024,14107.96,COD,Pending
ORD00378,CUST00701,6/27/2024,3316.67,NetBanking,Cancelled
ORD00379,CUST00243,4/4/2024,9633.92,COD,Delivered
ORD00380,CUST00858,2/12/2025,13853.7,UPI,Shipped
ORD00381,CUST00285,1/9/2024,14674.25,Card,Pending
ORD00382,CUST00084,11/26/2024,12257.16,NetBanking,Delivered
ORD00383,CUST00069,8/23/2024,5333.93,Card,Shipped
ORD00384,CUST00746,3/22/2025,8643.64,UPI,Delivered
ORD00385,CUST00153,2/2/2025,9715.09,Card,Cancelled
ORD00386,CUST00025,12/5/2024,1568.63,Card,Pending
ORD00387,CUST00670,5/21/2024,13044.28,Card,Delivered
ORD00388,CUST00844,11/9/2024,3105.72,UPI,Pending
ORD00389,CUST00085,8/28/2024,3314.17,COD,Delivered
ORD00390,CUST00991,11/7/2024,1904.52,COD,Delivered
ORD00391,CUST00155,11/20/2024,11029.98,UPI,Shipped
ORD00392,CUST00121,3/21/2024,13027.62,COD,Pending
ORD00393,CUST00771,8/26/2024,9970.71,UPI,Delivered
ORD00394,CUST00790,11/6/2024,11241.11,UPI,Delivered
ORD00395,CUST00392,2/27/2024,6159.91,Card,Shipped
ORD00396,CUST00124,1/22/2024,9339.12,UPI,Pending
ORD00397,CUST00741,3/10/2024,5275.5,COD,Shipped
ORD00398,CUST00948,4/11/2024,9420.02,Card,Delivered
ORD00399,CUST00586,5/30/2024,3048.18,COD,Cancelled
ORD00400,CUST00550,4/16/2024,398.45,Card,Pending
ORD00401,CUST00898,11/29/2024,10044.13,NetBanking,Delivered
ORD00402,CUST00783,3/17/2024,11818.01,Card,Delivered
ORD00403,CUST00292,2/16/2024,536.1,COD,Shipped
ORD00404,CUST00346,4/17/2025,12925.69,NetBanking,Shipped
ORD00405,CUST00611,3/17/2024,4443.35,Card,Delivered
ORD00406,CUST00843,3/6/2025,8952.74,NetBanking,Cancelled
ORD00407,CUST00390,1/4/2025,12626.76,UPI,Delivered
ORD00408,CUST00954,2/16/2025,3376.35,NetBanking,Shipped
ORD00409,CUST00712,2/2/2025,8835.19,UPI,Delivered
ORD00410,CUST00993,4/27/2024,6915.27,Card,Cancelled
ORD00411,CUST00435,4/7/2024,14040.5,NetBanking,Cancelled
ORD00412,CUST00315,7/17/2024,11486.07,Card,Shipped
ORD00413,CUST00028,3/9/2025,4038.49,UPI,Shipped
ORD00414,CUST00145,1/14/2024,14853.48,UPI,Pending
ORD00415,CUST00371,3/4/2024,9290.92,COD,Shipped
ORD00416,CUST00507,10/12/2024,4313.38,Card,Delivered
ORD00417,CUST00737,8/14/2024,10878.9,UPI,Pending
ORD00418,CUST00883,8/6/2024,8944.03,COD,Shipped
ORD00419,CUST00130,3/7/2024,12928.16,UPI,Cancelled
ORD00420,CUST00268,6/12/2024,14303.13,Card,Delivered
ORD00421,CUST00719,4/23/2024,10712.91,NetBanking,Delivered
ORD00422,CUST00061,5/7/2024,2045.48,NetBanking,Pending
ORD00423,CUST00509,5/4/2025,8553.54,COD,Cancelled
ORD00424,CUST00915,8/4/2024,11845.23,UPI,Cancelled
ORD00425,CUST00605,8/14/2024,10220.61,NetBanking,Cancelled
ORD00426,CUST00436,5/25/2024,12683.88,Card,Cancelled
ORD00427,CUST00862,9/2/2024,1775.09,NetBanking,Pending
ORD00428,CUST00003,8/10/2024,1836.29,UPI,Delivered
ORD00429,CUST00803,2/12/2025,7809.91,UPI,Shipped
ORD00430,CUST00826,1/14/2024,13689.72,COD,Shipped
ORD00431,CUST00461,2/21/2024,6099.85,UPI,Pending
ORD00432,CUST00434,3/23/2024,7840.94,UPI,Delivered
ORD00433,CUST00745,2/19/2025,10118.88,COD,Delivered
ORD00434,CUST00607,3/16/2024,651.13,UPI,Cancelled
ORD00435,CUST00063,12/26/2024,7059.14,Card,Delivered
ORD00436,CUST00464,7/28/2024,1704.66,UPI,Pending
ORD00437,CUST00235,12/30/2024,5115.66,UPI,Cancelled
ORD00438,CUST00994,7/3/2024,8054.27,NetBanking,Pending
ORD00439,CUST00205,6/2/2024,12055.19,Card,Delivered
ORD00440,CUST00202,12/26/2024,566.89,COD,Shipped
ORD00441,CUST00545,6/27/2024,12919.19,NetBanking,Pending
ORD00442,CUST00721,8/6/2024,6556.38,NetBanking,Pending
ORD00443,CUST00210,1/16/2024,1983.35,UPI,Cancelled
ORD00444,CUST00688,4/11/2024,12094.07,Card,Pending
ORD00445,CUST00843,3/21/2024,12186.02,COD,Cancelled
ORD00446,CUST00448,3/5/2025,13366.62,COD,Shipped
ORD00447,CUST00362,2/10/2024,8860.18,Card,Shipped
ORD00448,CUST00875,12/24/2024,7230.05,UPI,Delivered
ORD00449,CUST00413,5/16/2024,6339.1,UPI,Cancelled
ORD00450,CUST00339,5/9/2025,9477.2,UPI,Delivered
ORD00451,CUST00120,2/11/2025,948.55,COD,Pending
ORD00452,CUST00936,3/4/2024,3934.29,UPI,Cancelled
ORD00453,CUST00242,10/26/2024,8249.39,UPI,Cancelled
ORD00454,CUST00004,10/20/2024,4862.7,UPI,Cancelled
ORD00455,CUST00177,2/5/2025,825.99,UPI,Cancelled
ORD00456,CUST00851,11/27/2024,9049.41,COD,Pending
ORD00457,CUST00621,2/5/2025,8031.98,COD,Shipped
ORD00458,CUST00067,11/27/2024,3140.22,COD,Delivered
ORD00459,CUST00425,2/20/2025,5856.87,NetBanking,Delivered
ORD00460,CUST00930,7/29/2024,5853.66,UPI,Shipped
ORD00461,CUST00497,4/20/2024,4442.49,UPI,Pending
ORD00462,CUST00585,9/2/2024,4139.38,Card,Shipped
ORD00463,CUST00331,1/25/2025,6666.03,Card,Cancelled
ORD00464,CUST00583,10/25/2024,13697.15,COD,Delivered
ORD00465,CUST00729,2/4/2024,12373.68,NetBanking,Shipped
ORD00466,CUST00442,3/28/2025,12752.2,Card,Delivered
ORD00467,CUST00479,4/19/2024,954.52,COD,Shipped
ORD00468,CUST00092,2/24/2024,6278.98,Card,Delivered
ORD00469,CUST00823,11/18/2024,9974.51,NetBanking,Delivered
ORD00470,CUST00954,3/11/2025,13548.66,UPI,Shipped
ORD00471,CUST00701,7/8/2024,10586.89,COD,Shipped
ORD00472,CUST00115,4/4/2025,1435.81,COD,Delivered
ORD00473,CUST00857,1/9/2025,8155.03,NetBanking,Delivered
ORD00474,CUST00841,2/21/2025,12800.73,COD,Cancelled
ORD00475,CUST00548,6/4/2024,2245.96,UPI,Pending
ORD00476,CUST00902,4/29/2025,13274.93,Card,Pending
ORD00477,CUST00520,5/12/2025,5732.23,UPI,Shipped
ORD00478,CUST00832,2/1/2024,580.26,UPI,Pending
ORD00479,CUST00328,8/30/2024,7204.47,UPI,Shipped
ORD00480,CUST00194,3/7/2025,5827.7,UPI,Cancelled
ORD00481,CUST00413,10/31/2024,1554.25,UPI,Shipped
ORD00482,CUST00913,9/18/2024,7595.33,NetBanking,Shipped
ORD00483,CUST00687,11/3/2024,6467.42,Card,Pending
ORD00484,CUST00771,1/6/2025,6003.15,COD,Delivered
ORD00485,CUST00045,5/16/2024,8914.86,Card,Delivered
ORD00486,CUST00927,5/12/2024,11898.97,COD,Delivered
ORD00487,CUST00438,6/30/2024,851.51,Card,Shipped
ORD00488,CUST00291,9/6/2024,10178.05,Card,Cancelled
ORD00489,CUST00387,1/5/2025,5439.83,COD,Pending
ORD00490,CUST00300,4/3/2024,9671.98,COD,Cancelled
ORD00491,CUST00625,3/3/2025,5769.46,Card,Cancelled
ORD00492,CUST00627,4/24/2025,6553.76,NetBanking,Pending
ORD00493,CUST00320,9/18/2024,2445,COD,Delivered
ORD00494,CUST00575,3/19/2024,5202.67,COD,Shipped
ORD00495,CUST00956,3/22/2024,5462.46,Card,Pending
ORD00496,CUST00556,5/20/2024,8291.34,UPI,Shipped
ORD00497,CUST00548,5/16/2024,6121.93,Card,Delivered
ORD00498,CUST00447,3/26/2025,2234.4,NetBanking,Pending
ORD00499,CUST00155,9/2/2024,14860.81,COD,Delivered
ORD00500,CUST00023,8/5/2024,9423.94,UPI,Delivered
ORD00501,CUST00076,6/2/2024,3373.89,UPI,Shipped
ORD00502,CUST00678,7/2/2024,11381.27,Card,Shipped
ORD00503,CUST00418,12/31/2024,1797.81,Card,Pending
ORD00504,CUST00418,1/3/2025,13437.75,NetBanking,Shipped
ORD00505,CUST00045,5/7/2024,13791.59,NetBanking,Delivered
ORD00506,CUST00341,7/24/2024,11740.43,UPI,Shipped
ORD00507,CUST00929,7/3/2024,14350.99,NetBanking,Pending
ORD00508,CUST00269,3/15/2024,2043.63,UPI,Pending
ORD00509,CUST00666,6/11/2024,667.17,Card,Cancelled
ORD00510,CUST00029,5/20/2024,11857.93,COD,Pending
ORD00511,CUST00065,3/8/2025,7156.68,COD,Delivered
ORD00512,CUST00529,1/30/2025,2076.3,NetBanking,Delivered
ORD00513,CUST00555,10/6/2024,14355.11,UPI,Pending
ORD00514,CUST00854,8/24/2024,8357.06,UPI,Cancelled
ORD00515,CUST00454,2/10/2024,4208.88,UPI,Shipped
ORD00516,CUST00335,3/5/2025,9413.7,COD,Pending
ORD00517,CUST00272,4/29/2025,8279.54,Card,Pending
ORD00518,CUST00634,12/22/2024,8333.37,NetBanking,Pending
ORD00519,CUST00320,10/17/2024,10392.6,UPI,Cancelled
ORD00520,CUST00603,6/23/2024,4066.04,NetBanking,Delivered
ORD00521,CUST00128,2/26/2024,9282.72,Card,Delivered
ORD00522,CUST00704,3/8/2025,11759.48,NetBanking,Shipped
ORD00523,CUST00952,12/22/2024,5846.05,UPI,Cancelled
ORD00524,CUST00073,2/28/2024,7222.32,COD,Delivered
ORD00525,CUST00853,4/26/2024,9020.9,COD,Shipped
ORD00526,CUST00322,8/3/2024,3878.58,Card,Delivered
ORD00527,CUST00594,9/20/2024,4046.6,NetBanking,Delivered
ORD00528,CUST00498,7/13/2024,313.64,UPI,Cancelled
ORD00529,CUST00140,2/17/2025,4620.96,NetBanking,Shipped
ORD00530,CUST00301,1/25/2024,13823.53,COD,Cancelled
ORD00531,CUST00925,2/6/2025,11160.29,COD,Pending
ORD00532,CUST00421,9/11/2024,940.03,COD,Cancelled
ORD00533,CUST00015,3/23/2024,12338.83,NetBanking,Cancelled
ORD00534,CUST00886,8/4/2024,5589.98,COD,Cancelled
ORD00535,CUST00914,10/2/2024,631.93,COD,Cancelled
ORD00536,CUST00327,1/28/2025,14478.42,Card,Delivered
ORD00537,CUST00134,8/5/2024,3789.25,NetBanking,Cancelled
ORD00538,CUST00415,2/13/2025,13163.11,Card,Shipped
ORD00539,CUST00429,1/29/2025,5180.31,NetBanking,Delivered
ORD00540,CUST00407,2/25/2024,9562.84,NetBanking,Shipped
ORD00541,CUST00055,4/18/2025,335.51,COD,Shipped
ORD00542,CUST00192,3/14/2025,1952.53,Card,Cancelled
ORD00543,CUST00987,4/2/2024,11478.14,COD,Pending
ORD00544,CUST00903,5/8/2025,7279.8,COD,Cancelled
ORD00545,CUST00138,7/24/2024,11504.37,UPI,Pending
ORD00546,CUST00107,1/15/2024,1370.16,NetBanking,Delivered
ORD00547,CUST00382,2/17/2024,13678.64,NetBanking,Pending
ORD00548,CUST00007,1/31/2024,11455.3,UPI,Delivered
ORD00549,CUST00603,8/30/2024,7840.8,COD,Pending
ORD00550,CUST00507,12/30/2024,14876.23,Card,Shipped
ORD00551,CUST00082,3/23/2025,2758.76,NetBanking,Pending
ORD00552,CUST00805,4/21/2025,13479.53,NetBanking,Pending
ORD00553,CUST00736,3/10/2024,6246.52,NetBanking,Shipped
ORD00554,CUST00832,11/22/2024,6489.82,Card,Delivered
ORD00555,CUST00169,4/15/2025,991.37,NetBanking,Shipped
ORD00556,CUST00778,1/11/2025,13290.57,NetBanking,Shipped
ORD00557,CUST00355,8/8/2024,10507.23,COD,Delivered
ORD00558,CUST00568,8/24/2024,5385.25,Card,Cancelled
ORD00559,CUST00971,5/15/2024,7808.03,NetBanking,Shipped
ORD00560,CUST00688,3/4/2024,8450.88,Card,Cancelled
ORD00561,CUST00260,3/25/2025,5558.03,NetBanking,Delivered
ORD00562,CUST00693,1/17/2024,14179.68,NetBanking,Cancelled
ORD00563,CUST00377,11/30/2024,4421.06,COD,Cancelled
ORD00564,CUST00150,1/13/2025,13074.08,UPI,Delivered
ORD00565,CUST00968,3/12/2024,3064.53,COD,Cancelled
ORD00566,CUST00551,1/29/2025,9298.69,COD,Delivered
ORD00567,CUST00449,8/18/2024,13537.32,COD,Shipped
ORD00568,CUST00681,5/4/2024,4543.35,Card,Pending
ORD00569,CUST00032,3/27/2024,3036.1,COD,Shipped
ORD00570,CUST00075,2/23/2025,13486.54,NetBanking,Delivered
ORD00571,CUST00556,12/1/2024,1099.52,UPI,Pending
ORD00572,CUST00253,5/7/2025,12435.18,NetBanking,Cancelled
ORD00573,CUST00651,12/31/2024,3076.56,COD,Shipped
ORD00574,CUST00737,6/15/2024,8270.72,Card,Cancelled
ORD00575,CUST00916,11/15/2024,3595.67,Card,Cancelled
ORD00576,CUST00037,1/7/2024,12896.01,UPI,Delivered
ORD00577,CUST00894,1/1/2025,6065.82,COD,Cancelled
ORD00578,CUST00927,9/20/2024,1191.02,COD,Cancelled
ORD00579,CUST00286,3/29/2024,3960.72,NetBanking,Cancelled
ORD00580,CUST00438,5/14/2024,991.61,Card,Cancelled
ORD00581,CUST00068,12/18/2024,7231.65,Card,Pending
ORD00582,CUST00804,12/26/2024,8376.57,UPI,Cancelled
ORD00583,CUST00660,5/3/2024,9017.2,Card,Pending
ORD00584,CUST00515,5/6/2025,7784.89,NetBanking,Pending
ORD00585,CUST00638,2/15/2025,8604.9,COD,Shipped
ORD00586,CUST00909,3/29/2025,11512.15,UPI,Cancelled
ORD00587,CUST00493,6/10/2024,8765.87,Card,Pending
ORD00588,CUST00281,2/23/2024,12628.24,Card,Cancelled
ORD00589,CUST00239,7/11/2024,739.15,UPI,Pending
ORD00590,CUST00259,12/29/2024,2790.44,Card,Shipped
ORD00591,CUST00571,3/1/2025,9800.72,COD,Shipped
ORD00592,CUST00242,9/23/2024,3726.35,UPI,Shipped
ORD00593,CUST00116,5/14/2025,14782.89,COD,Delivered
ORD00594,CUST00943,7/19/2024,12290.29,Card,Shipped
ORD00595,CUST00888,9/21/2024,7817.32,UPI,Shipped
ORD00596,CUST00150,3/26/2024,1992.67,UPI,Delivered
ORD00597,CUST00236,4/4/2024,2800.79,UPI,Delivered
ORD00598,CUST00709,2/2/2024,7925.92,COD,Pending
ORD00599,CUST00118,7/13/2024,870.58,UPI,Pending
ORD00600,CUST00396,1/1/2025,2001.2,UPI,Cancelled
ORD00601,CUST00382,4/6/2024,5879,UPI,Cancelled
ORD00602,CUST00940,2/1/2024,10922.69,NetBanking,Cancelled
ORD00603,CUST00250,11/28/2024,9689.07,UPI,Delivered
ORD00604,CUST00495,2/6/2025,4290.18,Card,Shipped
ORD00605,CUST00317,6/10/2024,6248.29,NetBanking,Delivered
ORD00606,CUST00004,1/18/2024,3138.62,UPI,Pending
ORD00607,CUST00770,3/3/2025,6183.31,Card,Delivered
ORD00608,CUST00837,7/8/2024,12270.59,NetBanking,Pending
ORD00609,CUST00855,8/12/2024,1303.09,UPI,Delivered
ORD00610,CUST00444,8/11/2024,14592.17,COD,Pending
ORD00611,CUST00095,5/17/2024,1292.62,COD,Cancelled
ORD00612,CUST00889,6/2/2024,1480.82,UPI,Shipped
ORD00613,CUST00002,5/24/2024,12154.89,NetBanking,Delivered
ORD00614,CUST00629,7/23/2024,12305.58,NetBanking,Pending
ORD00615,CUST00536,1/22/2024,9304.6,NetBanking,Shipped
ORD00616,CUST00430,8/8/2024,8313.87,NetBanking,Shipped
ORD00617,CUST00548,7/12/2024,10939.11,COD,Shipped
ORD00618,CUST00622,7/17/2024,6994.88,UPI,Shipped
ORD00619,CUST00444,10/3/2024,8458.84,UPI,Pending
ORD00620,CUST00699,9/27/2024,9974.1,COD,Delivered
ORD00621,CUST00032,7/5/2024,5690.74,COD,Shipped
ORD00622,CUST00465,7/4/2024,12689.62,COD,Pending
ORD00623,CUST00710,1/12/2024,9001.58,Card,Delivered
ORD00624,CUST00090,4/27/2025,2163.98,NetBanking,Pending
ORD00625,CUST00987,3/10/2025,9539.68,Card,Pending
ORD00626,CUST00310,1/8/2024,14671.11,UPI,Cancelled
ORD00627,CUST00143,4/23/2025,14123.03,COD,Cancelled
ORD00628,CUST00523,6/20/2024,4852.45,UPI,Pending
ORD00629,CUST00468,9/6/2024,4503.65,UPI,Shipped
ORD00630,CUST00304,9/6/2024,5899.43,Card,Delivered
ORD00631,CUST00555,2/19/2024,10160.02,Card,Cancelled
ORD00632,CUST00624,2/17/2024,10749,COD,Shipped
ORD00633,CUST00273,8/11/2024,2819.99,Card,Pending
ORD00634,CUST00525,6/20/2024,8897,COD,Delivered
ORD00635,CUST00725,2/19/2025,13248.29,NetBanking,Cancelled
ORD00636,CUST00939,5/16/2024,2151.98,NetBanking,Cancelled
ORD00637,CUST00498,7/9/2024,12534.9,UPI,Cancelled
ORD00638,CUST00799,8/10/2024,7685.8,UPI,Shipped
ORD00639,CUST00865,3/5/2024,13070.72,COD,Delivered
ORD00640,CUST00589,12/29/2024,467.31,UPI,Delivered
ORD00641,CUST00409,11/19/2024,3449.45,NetBanking,Pending
ORD00642,CUST00974,5/20/2024,982.05,Card,Shipped
ORD00643,CUST00140,2/27/2025,4321,COD,Shipped
ORD00644,CUST00167,9/14/2024,13809.23,NetBanking,Cancelled
ORD00645,CUST00060,1/3/2024,1516.6,Card,Shipped
ORD00646,CUST00269,12/18/2024,10812.74,Card,Delivered
ORD00647,CUST00430,3/10/2024,1272.82,NetBanking,Delivered
ORD00648,CUST00068,9/3/2024,1071.98,NetBanking,Delivered
ORD00649,CUST00119,2/16/2024,8700.54,UPI,Shipped
ORD00650,CUST00475,3/8/2025,13311.45,UPI,Delivered
ORD00651,CUST00191,6/10/2024,6525.57,UPI,Cancelled
ORD00652,CUST00970,4/26/2024,12290.72,COD,Delivered
ORD00653,CUST00584,2/24/2025,2215.23,UPI,Delivered
ORD00654,CUST00073,8/24/2024,12183,NetBanking,Delivered
ORD00655,CUST00980,1/3/2024,7361.23,UPI,Cancelled
ORD00656,CUST00729,10/14/2024,5042.99,NetBanking,Shipped
ORD00657,CUST00662,2/19/2025,2284.57,COD,Pending
ORD00658,CUST00569,10/30/2024,8681.65,COD,Cancelled
ORD00659,CUST00610,3/8/2024,4004.94,COD,Delivered
ORD00660,CUST00857,7/30/2024,11044,Card,Pending
ORD00661,CUST00825,4/13/2024,4800.65,UPI,Shipped
ORD00662,CUST00790,4/6/2025,10935.22,UPI,Delivered
ORD00663,CUST00341,5/12/2024,871.98,NetBanking,Pending
ORD00664,CUST00702,4/23/2024,2911,COD,Cancelled
ORD00665,CUST00995,4/19/2024,13248.4,NetBanking,Pending
ORD00666,CUST00537,5/11/2024,11506.33,Card,Cancelled
ORD00667,CUST00941,3/22/2025,2440.48,UPI,Pending
ORD00668,CUST00280,3/17/2025,14689.4,COD,Delivered
ORD00669,CUST00440,1/16/2025,6827.51,Card,Cancelled
ORD00670,CUST00307,4/1/2025,13978.04,Card,Cancelled
ORD00671,CUST00182,5/10/2025,4905.21,Card,Pending
ORD00672,CUST00817,4/16/2025,13634.76,NetBanking,Pending
ORD00673,CUST00142,4/13/2025,8194.84,NetBanking,Cancelled
ORD00674,CUST00457,1/28/2024,12281.31,NetBanking,Delivered
ORD00675,CUST00369,7/20/2024,6844.99,NetBanking,Cancelled
ORD00676,CUST00373,2/10/2024,14421.63,Card,Shipped
ORD00677,CUST00188,10/16/2024,10991.96,UPI,Delivered
ORD00678,CUST00960,10/3/2024,5132.94,NetBanking,Delivered
ORD00679,CUST00506,1/22/2024,9508.37,NetBanking,Delivered
ORD00680,CUST00615,12/7/2024,1705.41,Card,Delivered
ORD00681,CUST00086,5/1/2025,14952.36,COD,Pending
ORD00682,CUST00616,2/18/2024,14796.95,UPI,Shipped
ORD00683,CUST00825,6/17/2024,4564.99,COD,Pending
ORD00684,CUST00704,1/28/2024,10599.92,Card,Delivered
ORD00685,CUST00735,7/26/2024,9390.54,Card,Cancelled
ORD00686,CUST00942,2/22/2025,13996.08,UPI,Shipped
ORD00687,CUST00915,1/1/2024,1423.86,Card,Shipped
ORD00688,CUST00923,8/12/2024,4843.46,NetBanking,Delivered
ORD00689,CUST00162,1/6/2024,12926.99,UPI,Delivered
ORD00690,CUST00114,6/12/2024,5191.46,Card,Cancelled
ORD00691,CUST00818,5/9/2025,9889.21,NetBanking,Pending
ORD00692,CUST00912,11/20/2024,9341,UPI,Pending
ORD00693,CUST00045,5/24/2024,14346.75,COD,Delivered
ORD00694,CUST00454,1/26/2025,10621.93,Card,Pending
ORD00695,CUST00564,10/31/2024,932.86,NetBanking,Cancelled
ORD00696,CUST00029,11/25/2024,13719.14,UPI,Delivered
ORD00697,CUST00403,1/5/2024,4460.12,Card,Cancelled
ORD00698,CUST00739,1/30/2025,380.63,UPI,Delivered
ORD00699,CUST00357,5/22/2024,2065.64,UPI,Shipped
ORD00700,CUST00047,8/7/2024,7695.94,NetBanking,Delivered
ORD00701,CUST00556,2/6/2024,4638.4,UPI,Shipped
ORD00702,CUST00345,11/30/2024,13231.4,Card,Cancelled
ORD00703,CUST00779,6/26/2024,11300.63,NetBanking,Cancelled
ORD00704,CUST00047,3/16/2024,5547.92,UPI,Delivered
ORD00705,CUST00418,1/31/2024,14463.56,UPI,Delivered
ORD00706,CUST00585,7/22/2024,6541.4,UPI,Delivered
ORD00707,CUST00397,10/6/2024,10813.51,COD,Cancelled
ORD00708,CUST00797,1/23/2024,10492.69,Card,Pending
ORD00709,CUST00274,9/13/2024,10476.95,Card,Shipped
ORD00710,CUST00199,12/5/2024,8640.08,NetBanking,Cancelled
ORD00711,CUST00716,10/24/2024,14455.07,NetBanking,Shipped
ORD00712,CUST00003,1/11/2024,6010.93,COD,Pending
ORD00713,CUST00869,1/23/2025,12728.37,NetBanking,Cancelled
ORD00714,CUST00224,1/5/2024,2578.07,NetBanking,Delivered
ORD00715,CUST00506,2/7/2024,3345.25,COD,Cancelled
ORD00716,CUST00134,5/10/2024,13502.89,Card,Cancelled
ORD00717,CUST00471,2/24/2024,8151.14,Card,Delivered
ORD00718,CUST00192,11/17/2024,9990.07,Card,Shipped
ORD00719,CUST00227,2/8/2025,4754.19,UPI,Delivered
ORD00720,CUST00755,1/8/2024,11854.33,UPI,Pending
ORD00721,CUST00694,3/5/2025,886.64,Card,Delivered
ORD00722,CUST00783,11/22/2024,14394.31,COD,Cancelled
ORD00723,CUST00015,5/4/2024,2441.71,UPI,Delivered
ORD00724,CUST00403,7/15/2024,6772.26,Card,Delivered
ORD00725,CUST00918,5/24/2024,10239.41,COD,Cancelled
ORD00726,CUST00898,1/21/2025,14941.13,COD,Cancelled
ORD00727,CUST00580,3/14/2025,12938.42,UPI,Shipped
ORD00728,CUST00755,10/30/2024,8985.23,COD,Cancelled
ORD00729,CUST00405,3/26/2024,887.11,Card,Pending
ORD00730,CUST00824,12/9/2024,13258.12,UPI,Shipped
ORD00731,CUST00379,8/22/2024,5435.1,Card,Delivered
ORD00732,CUST00474,5/10/2024,14752.89,UPI,Shipped
ORD00733,CUST00930,1/1/2024,6784.78,UPI,Cancelled
ORD00734,CUST00166,3/7/2025,3539.62,UPI,Shipped
ORD00735,CUST00442,4/6/2024,10566.28,Card,Delivered
ORD00736,CUST00815,11/27/2024,9198.32,Card,Delivered
ORD00737,CUST00929,6/29/2024,13673.71,UPI,Pending
ORD00738,CUST00005,1/5/2025,10358.65,UPI,Pending
ORD00739,CUST00792,2/24/2024,1858.56,COD,Shipped
ORD00740,CUST00381,10/1/2024,5118.27,UPI,Cancelled
ORD00741,CUST00768,10/18/2024,7063.5,COD,Shipped
ORD00742,CUST00708,12/26/2024,1594.11,UPI,Delivered
ORD00743,CUST00792,1/19/2025,5227.11,Card,Pending
ORD00744,CUST00784,9/30/2024,12162.78,Card,Delivered
ORD00745,CUST00385,10/7/2024,9208.12,Card,Pending
ORD00746,CUST00177,4/5/2025,12094.85,NetBanking,Cancelled
ORD00747,CUST00904,5/7/2025,4802.68,UPI,Delivered
ORD00748,CUST00142,9/20/2024,2688.2,COD,Shipped
ORD00749,CUST00056,1/1/2024,2828.96,Card,Cancelled
ORD00750,CUST00131,10/1/2024,9454.03,Card,Shipped
ORD00751,CUST00969,12/5/2024,2501.21,NetBanking,Delivered
ORD00752,CUST00286,5/22/2024,7411.67,NetBanking,Shipped
ORD00753,CUST00135,1/9/2025,13883.41,UPI,Delivered
ORD00754,CUST00998,8/3/2024,14311.6,NetBanking,Shipped
ORD00755,CUST00011,12/24/2024,10162.27,UPI,Shipped
ORD00756,CUST00650,1/19/2024,3276.29,UPI,Cancelled
ORD00757,CUST00732,4/24/2025,10499,Card,Shipped
ORD00758,CUST00735,3/7/2024,6695.82,NetBanking,Shipped
ORD00759,CUST00897,12/22/2024,1727.88,NetBanking,Shipped
ORD00760,CUST00921,1/22/2024,11697.32,Card,Delivered
ORD00761,CUST00344,8/1/2024,13317.77,COD,Cancelled
ORD00762,CUST00202,7/21/2024,242.71,UPI,Cancelled
ORD00763,CUST00813,1/1/2025,9004.09,COD,Pending
ORD00764,CUST00365,8/23/2024,6088.68,UPI,Shipped
ORD00765,CUST00787,3/8/2024,1251.36,UPI,Shipped
ORD00766,CUST00092,11/2/2024,6352.52,UPI,Pending
ORD00767,CUST00388,6/1/2024,13004.8,UPI,Shipped
ORD00768,CUST00768,10/25/2024,14345.64,Card,Delivered
ORD00769,CUST00805,4/28/2025,631.74,Card,Cancelled
ORD00770,CUST00635,2/4/2024,5929.07,Card,Shipped
ORD00771,CUST00084,10/17/2024,12061.58,Card,Delivered
ORD00772,CUST00499,8/2/2024,407.08,UPI,Cancelled
ORD00773,CUST00571,7/26/2024,13295.01,COD,Pending
ORD00774,CUST00977,8/23/2024,11346.52,UPI,Pending
ORD00775,CUST00718,4/29/2024,6031.22,Card,Delivered
ORD00776,CUST00525,10/19/2024,12101.89,NetBanking,Cancelled
ORD00777,CUST00311,1/31/2024,8801.96,NetBanking,Cancelled
ORD00778,CUST00038,12/1/2024,6726.43,COD,Pending
ORD00779,CUST00702,4/10/2024,4731.31,Card,Shipped
ORD00780,CUST00427,10/17/2024,5288.09,NetBanking,Pending
ORD00781,CUST00465,3/26/2024,3008.64,Card,Pending
ORD00782,CUST00445,3/9/2024,13254.55,UPI,Delivered
ORD00783,CUST00992,5/31/2024,2373.5,Card,Pending
ORD00784,CUST00141,12/6/2024,13810.6,NetBanking,Cancelled
ORD00785,CUST00690,5/16/2024,2439.32,UPI,Pending
ORD00786,CUST00609,4/30/2025,14265.49,UPI,Pending
ORD00787,CUST00655,3/16/2024,3753.51,NetBanking,Delivered
ORD00788,CUST00616,12/2/2024,8649.23,COD,Cancelled
ORD00789,CUST00206,4/22/2024,8483.64,Card,Shipped
ORD00790,CUST00989,1/3/2025,14443.6,NetBanking,Pending
ORD00791,CUST00981,5/13/2025,2962.55,NetBanking,Delivered
ORD00792,CUST00545,7/5/2024,3690.58,Card,Cancelled
ORD00793,CUST00208,5/1/2025,14250.58,UPI,Shipped
ORD00794,CUST00081,2/9/2024,10654.81,NetBanking,Pending
ORD00795,CUST00029,7/26/2024,5733.16,NetBanking,Cancelled
ORD00796,CUST00479,3/18/2025,11719.76,COD,Cancelled
ORD00797,CUST00339,9/12/2024,11981.78,COD,Cancelled
ORD00798,CUST00791,1/4/2025,14152.57,NetBanking,Shipped
ORD00799,CUST00991,7/3/2024,3750.95,NetBanking,Pending
ORD00800,CUST00278,3/14/2025,6016.81,COD,Delivered
ORD00801,CUST00214,8/8/2024,13607.98,Card,Delivered
ORD00802,CUST00352,3/31/2024,4426.15,UPI,Delivered
ORD00803,CUST00341,10/20/2024,13894.34,NetBanking,Delivered
ORD00804,CUST00350,2/21/2025,2943.4,COD,Shipped
ORD00805,CUST00806,6/14/2024,14111.28,COD,Pending
ORD00806,CUST00865,6/3/2024,6810.93,UPI,Shipped
ORD00807,CUST00465,1/7/2024,13077.71,NetBanking,Shipped
ORD00808,CUST00377,5/2/2024,11698.41,UPI,Cancelled
ORD00809,CUST00395,4/2/2024,2013.59,NetBanking,Delivered
ORD00810,CUST00977,12/7/2024,4118.62,Card,Shipped
ORD00811,CUST00919,2/9/2025,2529.71,COD,Delivered
ORD00812,CUST00796,6/3/2024,4887.68,NetBanking,Shipped
ORD00813,CUST00830,1/2/2025,1026.38,COD,Shipped
ORD00814,CUST00789,12/2/2024,6976.89,UPI,Delivered
ORD00815,CUST00547,1/16/2024,9755.13,UPI,Pending
ORD00816,CUST00544,4/26/2025,12364.88,Card,Shipped
ORD00817,CUST00124,4/22/2025,1375.13,COD,Delivered
ORD00818,CUST00955,4/14/2025,8443.32,NetBanking,Shipped
ORD00819,CUST00372,4/17/2024,12271.55,NetBanking,Shipped
ORD00820,CUST00911,8/9/2024,13606.48,COD,Cancelled
ORD00821,CUST00865,5/16/2024,10268.09,COD,Delivered
ORD00822,CUST00510,2/27/2024,3071.13,Card,Delivered
ORD00823,CUST00542,12/20/2024,6281.65,NetBanking,Shipped
ORD00824,CUST00927,4/23/2024,6781.7,COD,Shipped
ORD00825,CUST00441,10/22/2024,6124.51,NetBanking,Pending
ORD00826,CUST00200,4/6/2024,7126.85,UPI,Cancelled
ORD00827,CUST00064,4/11/2025,9756.44,UPI,Cancelled
ORD00828,CUST00157,2/21/2025,12242.34,UPI,Delivered
ORD00829,CUST00959,4/19/2025,5638.82,UPI,Delivered
ORD00830,CUST00943,1/13/2024,2449.35,Card,Shipped
ORD00831,CUST00317,2/3/2024,2957.37,COD,Shipped
ORD00832,CUST00436,3/2/2024,591.75,NetBanking,Shipped
ORD00833,CUST00588,5/10/2025,10446.04,UPI,Shipped
ORD00834,CUST00408,1/25/2025,8030.48,UPI,Pending
ORD00835,CUST00931,3/25/2024,719.22,UPI,Shipped
ORD00836,CUST00638,7/12/2024,5318.78,Card,Pending
ORD00837,CUST00929,3/31/2024,10868.52,Card,Pending
ORD00838,CUST00253,2/5/2025,5290.75,NetBanking,Cancelled
ORD00839,CUST00915,2/27/2025,12925.14,Card,Shipped
ORD00840,CUST00174,3/16/2024,2431.49,COD,Shipped
ORD00841,CUST00631,12/24/2024,3013.54,Card,Delivered
ORD00842,CUST00373,5/27/2024,12822.39,Card,Cancelled
ORD00843,CUST00133,4/25/2024,3554.23,COD,Delivered
ORD00844,CUST00359,9/16/2024,14585.49,COD,Pending
ORD00845,CUST00930,2/16/2024,924.53,COD,Delivered
ORD00846,CUST00192,9/18/2024,5958.53,COD,Delivered
ORD00847,CUST00518,1/26/2025,12142.5,Card,Pending
ORD00848,CUST00102,1/20/2024,409.56,UPI,Shipped
ORD00849,CUST00103,7/21/2024,5442.47,Card,Shipped
ORD00850,CUST00092,12/27/2024,14462.13,COD,Pending
ORD00851,CUST00725,4/17/2025,11478.26,NetBanking,Pending
ORD00852,CUST00206,9/1/2024,4999.82,NetBanking,Shipped
ORD00853,CUST00215,3/15/2024,14699.24,Card,Shipped
ORD00854,CUST00976,3/13/2024,2588.51,UPI,Delivered
ORD00855,CUST00623,1/21/2025,4522.15,Card,Cancelled
ORD00856,CUST00687,10/13/2024,12899.35,Card,Shipped
ORD00857,CUST00752,4/1/2024,14383.64,COD,Delivered
ORD00858,CUST00188,7/12/2024,12351.58,NetBanking,Shipped
ORD00859,CUST00672,7/9/2024,929.77,COD,Shipped
ORD00860,CUST00919,3/2/2025,9604.39,COD,Shipped
ORD00861,CUST00876,2/4/2024,9786.76,UPI,Cancelled
ORD00862,CUST00701,7/22/2024,11936.15,NetBanking,Delivered
ORD00863,CUST00242,2/27/2025,293.43,NetBanking,Shipped
ORD00864,CUST00573,3/14/2025,14256.71,UPI,Cancelled
ORD00865,CUST00014,3/17/2024,13349.48,UPI,Shipped
ORD00866,CUST00395,1/31/2025,2782.82,UPI,Cancelled
ORD00867,CUST00409,12/5/2024,3592.73,COD,Cancelled
ORD00868,CUST00065,7/16/2024,4844.7,NetBanking,Pending
ORD00869,CUST00371,1/24/2024,4912.62,UPI,Shipped
ORD00870,CUST00642,4/24/2025,9963.39,NetBanking,Delivered
ORD00871,CUST00738,8/7/2024,4161.49,UPI,Cancelled
ORD00872,CUST00439,6/17/2024,4219.96,UPI,Pending
ORD00873,CUST00217,10/30/2024,8945.83,COD,Pending
ORD00874,CUST00825,7/2/2024,2935.97,COD,Delivered
ORD00875,CUST00141,2/19/2025,468.77,Card,Pending
ORD00876,CUST00163,5/14/2025,10066.62,UPI,Pending
ORD00877,CUST00140,2/19/2024,10988.67,UPI,Shipped
ORD00878,CUST00076,6/6/2024,14123.85,Card,Pending
ORD00879,CUST00970,4/8/2025,9380.5,COD,Pending
ORD00880,CUST00038,7/26/2024,8582.64,COD,Shipped
ORD00881,CUST00169,2/7/2024,6510.16,COD,Shipped
ORD00882,CUST00818,2/10/2024,9108.74,Card,Shipped
ORD00883,CUST00668,8/12/2024,5963.17,UPI,Pending
ORD00884,CUST00348,5/6/2025,10492.7,COD,Pending
ORD00885,CUST00243,6/29/2024,12641.77,Card,Cancelled
ORD00886,CUST00119,4/13/2024,9118.74,COD,Cancelled
ORD00887,CUST00193,6/7/2024,656.98,NetBanking,Shipped
ORD00888,CUST00128,4/29/2024,2342.03,Card,Delivered
ORD00889,CUST00071,10/27/2024,5409.2,UPI,Cancelled
ORD00890,CUST00827,9/5/2024,5796.41,NetBanking,Pending
ORD00891,CUST00944,2/13/2025,4404.57,UPI,Delivered
ORD00892,CUST00144,1/1/2024,6428.8,COD,Pending
ORD00893,CUST00317,6/5/2024,8262.38,COD,Pending
ORD00894,CUST00305,7/24/2024,8671.46,COD,Cancelled
ORD00895,CUST00964,3/29/2025,1517.6,Card,Pending
ORD00896,CUST00356,3/31/2025,6514.13,UPI,Cancelled
ORD00897,CUST00339,3/15/2025,688.79,COD,Shipped
ORD00898,CUST00323,6/29/2024,10545.67,COD,Shipped
ORD00899,CUST00603,1/20/2024,11138.9,NetBanking,Pending
ORD00900,CUST00191,11/11/2024,14450.71,COD,Delivered
ORD00901,CUST00904,2/26/2024,9597.85,NetBanking,Shipped
ORD00902,CUST00713,10/18/2024,5826.32,NetBanking,Shipped
ORD00903,CUST00712,1/26/2024,5690.23,COD,Delivered
ORD00904,CUST00377,4/1/2024,5376.52,Card,Shipped
ORD00905,CUST00424,8/24/2024,10181.43,COD,Cancelled
ORD00906,CUST00081,4/30/2024,12829.22,NetBanking,Cancelled
ORD00907,CUST00403,11/9/2024,5360.48,NetBanking,Pending
ORD00908,CUST00446,12/2/2024,3870.6,NetBanking,Cancelled
ORD00909,CUST00923,3/23/2025,14143.02,NetBanking,Shipped
ORD00910,CUST00727,6/6/2024,4009.49,UPI,Cancelled
ORD00911,CUST00125,11/9/2024,6053.72,Card,Shipped
ORD00912,CUST00723,3/2/2025,14182.3,NetBanking,Cancelled
ORD00913,CUST00462,10/23/2024,4419.32,NetBanking,Pending
ORD00914,CUST00018,5/15/2024,7982.2,Card,Shipped
ORD00915,CUST00049,4/24/2024,8981.15,COD,Shipped
ORD00916,CUST00741,11/5/2024,7260.01,Card,Cancelled
ORD00917,CUST00256,2/21/2024,2533.86,UPI,Pending
ORD00918,CUST00063,3/7/2024,10430.82,UPI,Pending
ORD00919,CUST00045,1/24/2025,7288.17,NetBanking,Cancelled
ORD00920,CUST00294,4/8/2024,9528.4,COD,Cancelled
ORD00921,CUST00484,6/21/2024,12045.22,Card,Shipped
ORD00922,CUST00251,1/20/2024,350.38,NetBanking,Cancelled
ORD00923,CUST00444,10/17/2024,12754.2,COD,Delivered
ORD00924,CUST00741,3/16/2024,9241.89,UPI,Delivered
ORD00925,CUST00919,3/13/2024,11111.99,NetBanking,Delivered
ORD00926,CUST00798,3/10/2024,1899.02,COD,Cancelled
ORD00927,CUST00403,3/15/2025,12991.92,COD,Shipped
ORD00928,CUST00597,6/18/2024,5193.25,COD,Delivered
ORD00929,CUST00963,10/11/2024,6567.61,UPI,Shipped
ORD00930,CUST00071,4/28/2025,4064.15,NetBanking,Cancelled
ORD00931,CUST00266,4/6/2024,10497.29,COD,Pending
ORD00932,CUST00087,4/23/2024,1272.69,NetBanking,Delivered
ORD00933,CUST00210,3/29/2025,4590.03,Card,Shipped
ORD00934,CUST00418,2/28/2025,2532.06,Card,Delivered
ORD00935,CUST00255,3/15/2025,3084.56,COD,Cancelled
ORD00936,CUST00272,4/3/2024,6217.35,UPI,Delivered
ORD00937,CUST00238,6/3/2024,10016.63,COD,Pending
ORD00938,CUST00842,2/4/2025,8196.03,UPI,Delivered
ORD00939,CUST00811,10/9/2024,13543.78,NetBanking,Shipped
ORD00940,CUST00882,10/18/2024,4352.58,UPI,Shipped
ORD00941,CUST00825,3/29/2025,9876.52,COD,Pending
ORD00942,CUST00293,3/31/2025,1153.29,NetBanking,Shipped
ORD00943,CUST00310,1/20/2024,3276.02,NetBanking,Delivered
ORD00944,CUST00234,3/20/2024,8141.11,NetBanking,Delivered
ORD00945,CUST00166,3/24/2024,12262.99,NetBanking,Pending
ORD00946,CUST00347,7/19/2024,2881.38,NetBanking,Shipped
ORD00947,CUST00206,4/11/2024,2175.45,Card,Shipped
ORD00948,CUST00140,1/5/2024,440.38,NetBanking,Pending
ORD00949,CUST00111,10/20/2024,3389.79,UPI,Shipped
ORD00950,CUST00225,1/12/2024,3119.57,COD,Pending
ORD00951,CUST00070,8/13/2024,11064.14,UPI,Pending
ORD00952,CUST00468,2/5/2025,5604.96,UPI,Pending
ORD00953,CUST00438,3/14/2025,2301.52,COD,Cancelled
ORD00954,CUST00834,1/19/2025,4864.79,UPI,Shipped
ORD00955,CUST00658,5/22/2024,5678.89,UPI,Delivered
ORD00956,CUST00926,4/27/2025,2761.02,Card,Cancelled
ORD00957,CUST00500,2/21/2025,2725.28,UPI,Shipped
ORD00958,CUST00734,5/18/2024,13784.92,Card,Delivered
ORD00959,CUST00554,3/6/2024,4580.88,UPI,Delivered
ORD00960,CUST00466,2/16/2024,10821.95,Card,Shipped
ORD00961,CUST00054,5/29/2024,13239.98,UPI,Pending
ORD00962,CUST00900,2/20/2025,10888.74,NetBanking,Pending
ORD00963,CUST00795,1/8/2025,14384.93,COD,Pending
ORD00964,CUST00845,6/13/2024,4054.66,UPI,Shipped
ORD00965,CUST00271,4/18/2025,940.69,NetBanking,Shipped
ORD00966,CUST00894,10/1/2024,13823.37,Card,Pending
ORD00967,CUST00152,11/18/2024,5224.28,UPI,Shipped
ORD00968,CUST00325,3/20/2024,9062.2,NetBanking,Pending
ORD00969,CUST00777,7/20/2024,8099.89,NetBanking,Shipped
ORD00970,CUST00254,4/29/2025,7384.92,Card,Pending
ORD00971,CUST00788,10/20/2024,14119.23,Card,Delivered
ORD00972,CUST00087,3/7/2024,1472.1,UPI,Delivered
ORD00973,CUST00469,9/28/2024,14496.95,UPI,Shipped
ORD00974,CUST00355,12/22/2024,14741.3,COD,Delivered
ORD00975,CUST00939,12/8/2024,13384.66,UPI,Pending
ORD00976,CUST00051,3/13/2025,12971.72,COD,Cancelled
ORD00977,CUST00037,12/21/2024,12009.48,Card,Shipped
ORD00978,CUST00107,6/29/2024,8898.8,NetBanking,Cancelled
ORD00979,CUST00613,4/1/2024,4911.42,UPI,Pending
ORD00980,CUST00177,2/22/2024,2797.44,COD,Pending
ORD00981,CUST00261,1/18/2025,3896.65,COD,Shipped
ORD00982,CUST00022,3/24/2024,5538.61,NetBanking,Shipped
ORD00983,CUST00116,3/14/2024,5760.07,COD,Cancelled
ORD00984,CUST00831,12/16/2024,4057.96,COD,Shipped
ORD00985,CUST00200,4/10/2025,11152.56,UPI,Shipped
ORD00986,CUST01000,4/13/2024,4490.47,NetBanking,Pending
ORD00987,CUST00927,3/25/2025,12536.01,NetBanking,Pending
ORD00988,CUST00614,9/17/2024,8785.64,NetBanking,Delivered
ORD00989,CUST00476,5/18/2024,507.98,Card,Delivered
ORD00990,CUST00384,3/16/2025,9284.98,COD,Cancelled
ORD00991,CUST00627,2/6/2024,11538.11,NetBanking,Shipped
ORD00992,CUST00699,2/7/2025,6833.29,NetBanking,Shipped
ORD00993,CUST00438,7/22/2024,9592.98,Card,Shipped
ORD00994,CUST00899,4/30/2025,9046.44,NetBanking,Pending
ORD00995,CUST00275,4/29/2024,2937.8,COD,Pending
ORD00996,CUST00814,6/12/2024,2723.35,NetBanking,Shipped
ORD00997,CUST00429,1/9/2024,1392.19,COD,Cancelled
ORD00998,CUST00086,10/4/2024,2298.05,Card,Delivered
ORD00999,CUST00378,11/30/2024,8676.03,Card,Shipped
,,,,,Pending
,CUST00044,4/21/2024,2444.19,NetBanking,Cancelled
ORD01002,CUST00681,1/22/2025,10576.75,COD,Shipped
ORD01003,CUST00251,8/11/2024,7056.43,Card,Pending
ORD01004,CUST00847,3/29/2024,9411.86,NetBanking,Shipped
ORD01005,CUST00442,1/22/2024,5779.35,NetBanking,Cancelled
ORD01006,CUST00527,11/15/2024,600.6,NetBanking,Delivered
ORD01007,CUST00210,4/9/2024,10913,Card,Delivered
ORD01008,CUST00280,1/23/2024,8693.67,Card,Shipped
ORD01009,CUST00839,2/2/2024,9707.02,Card,Shipped
ORD01010,CUST00973,2/18/2024,12466.77,UPI,Cancelled
ORD01011,CUST00304,1/18/2025,7768.15,UPI,Cancelled
ORD01012,CUST00158,10/2/2024,13072.01,COD,Pending
ORD01013,CUST00306,7/24/2024,13425.72,UPI,Delivered
ORD01014,CUST00335,9/28/2024,4079.73,UPI,Pending
ORD01015,CUST00313,6/7/2024,11301.13,UPI,Delivered
ORD01016,CUST00398,2/10/2025,2829.39,COD,Pending
ORD01017,CUST00538,11/22/2024,7310.53,NetBanking,Cancelled
ORD01018,CUST00755,2/1/2025,14404.49,COD,Cancelled
ORD01019,CUST00892,4/29/2025,6109.58,NetBanking,Delivered
ORD01020,CUST00446,11/1/2024,10918.46,Card,Cancelled
ORD01021,CUST00185,12/3/2024,1854.54,Card,Pending
ORD01022,CUST00149,2/18/2025,2849.88,Card,Shipped
ORD01023,CUST00313,1/9/2024,10414.62,UPI,Cancelled
ORD01024,CUST00627,3/24/2024,3943.45,Card,Delivered
ORD01025,CUST00751,5/24/2024,7386.84,UPI,Delivered
ORD01026,CUST00884,8/29/2024,9301.96,Card,Pending
ORD01027,CUST00625,10/28/2024,8992.11,NetBanking,Delivered
ORD01028,CUST00165,11/29/2024,7802.57,Card,Delivered
ORD01029,CUST00563,1/11/2025,494.56,Card,Pending
ORD01030,CUST00420,8/4/2024,509.86,Card,Delivered
ORD01031,CUST00006,2/1/2024,5347.97,Card,Shipped
ORD01032,CUST00345,10/3/2024,3062.2,COD,Shipped
ORD01033,CUST00099,3/22/2025,256.96,UPI,Cancelled
ORD01034,CUST00184,2/18/2025,4198.26,Card,Delivered
ORD01035,CUST00364,4/23/2025,8386.63,Card,Pending
ORD01036,CUST00830,3/7/2025,9315.98,UPI,Delivered
ORD01037,CUST00408,8/18/2024,8102.93,COD,Shipped
ORD01038,CUST00469,2/25/2025,11393.04,Card,Shipped
ORD01039,CUST00865,3/31/2024,8425.99,Card,Pending
ORD01040,CUST00809,12/10/2024,13264.91,Card,Shipped
ORD01041,CUST00496,2/21/2025,6231.13,UPI,Cancelled
ORD01042,CUST00117,11/21/2024,13272.44,COD,Shipped
ORD01043,CUST00466,7/22/2024,1750.37,COD,Cancelled
ORD01044,CUST00796,5/9/2025,1808.17,UPI,Shipped
ORD01045,CUST00680,3/20/2024,7686.45,Card,Shipped
ORD01046,CUST00232,4/5/2025,10810.06,Card,Delivered
ORD01047,CUST00554,12/10/2024,12767.4,Card,Cancelled
ORD01048,CUST00192,4/4/2025,7024.08,UPI,Pending
ORD01049,CUST00726,6/15/2024,14080.85,UPI,Pending
ORD01050,CUST00918,5/2/2025,7337.72,COD,Delivered
ORD01051,CUST00045,11/29/2024,6452.88,NetBanking,Shipped
ORD01052,CUST00651,1/4/2024,13503.04,UPI,Cancelled
ORD01053,CUST00789,5/6/2024,1310.89,Card,Pending
ORD01054,CUST00456,11/6/2024,14356.53,UPI,Pending
ORD01055,CUST00516,4/15/2025,10482.94,NetBanking,Pending
ORD01056,CUST00874,10/23/2024,8091.97,Card,Cancelled
ORD01057,CUST00677,6/28/2024,7562.68,UPI,Shipped
ORD01058,CUST00401,12/25/2024,5777.68,COD,Pending
ORD01059,CUST00175,1/26/2025,9252.21,NetBanking,Delivered
ORD01060,CUST00332,3/11/2024,6833.62,NetBanking,Shipped
ORD01061,CUST00334,6/24/2024,3508.03,NetBanking,Pending
ORD01062,CUST00652,11/17/2024,333.68,COD,Cancelled
ORD01063,CUST00140,3/29/2025,8774.11,UPI,Pending
ORD01064,CUST00643,5/17/2024,7232.66,COD,Pending
ORD01065,CUST00312,10/29/2024,1131.35,COD,Pending
ORD01066,CUST00023,9/5/2024,8524.05,COD,Cancelled
ORD01067,CUST00697,12/17/2024,7570.85,NetBanking,Cancelled
ORD01068,CUST00283,7/26/2024,1313.97,Card,Cancelled
ORD01069,CUST00421,2/27/2024,7038.24,NetBanking,Pending
ORD01070,CUST00967,9/22/2024,9522.72,Card,Pending
ORD01071,CUST00596,1/10/2025,8139.24,UPI,Pending
ORD01072,CUST00796,5/29/2024,8847.34,UPI,Cancelled
ORD01073,CUST00324,5/28/2024,346.17,Card,Pending
ORD01074,CUST00011,3/24/2025,5034.67,Card,Delivered
ORD01075,CUST00909,3/3/2025,14801.46,Card,Pending
ORD01076,CUST00985,3/12/2024,6988.48,COD,Pending
ORD01077,CUST00567,5/28/2024,9107.07,UPI,Delivered
ORD01078,CUST00558,3/6/2025,2851.29,NetBanking,Cancelled
ORD01079,CUST00107,9/23/2024,11598.55,UPI,Shipped
ORD01080,CUST00682,3/23/2025,12106.57,NetBanking,Pending
ORD01081,CUST00683,6/5/2024,12259.09,Card,Pending
ORD01082,CUST00854,5/14/2024,12848.23,UPI,Cancelled
ORD01083,CUST00887,7/31/2024,3701.12,Card,Pending
ORD01084,CUST00380,2/7/2025,13744.94,UPI,Delivered
ORD01085,CUST00048,4/18/2024,10258.92,COD,Pending
ORD01086,CUST00607,2/22/2024,13351.35,NetBanking,Shipped
ORD01087,CUST00934,1/9/2024,14529.97,NetBanking,Pending
ORD01088,CUST00100,5/29/2024,8457.78,Card,Pending
ORD01089,CUST00681,10/4/2024,12701.13,NetBanking,Pending
ORD01090,CUST00584,8/17/2024,966.44,COD,Delivered
ORD01091,CUST00122,11/30/2024,8056.13,Card,Pending
ORD01092,CUST00659,3/25/2025,12093.96,UPI,Delivered
ORD01093,CUST00769,11/19/2024,3219.86,NetBanking,Delivered
ORD01094,CUST00237,1/25/2024,4216.47,NetBanking,Cancelled
ORD01095,CUST00993,5/1/2025,3930.56,UPI,Pending
ORD01096,CUST00281,9/4/2024,10045.92,COD,Pending
ORD01097,CUST00939,2/23/2025,5738.53,NetBanking,Delivered
ORD01098,CUST00146,7/12/2024,11853.48,Card,Delivered
ORD01099,CUST00933,6/14/2024,5294.06,COD,Pending
ORD01100,CUST00323,3/11/2024,14000.1,Card,Shipped
ORD01101,CUST00876,4/25/2025,2875.84,UPI,Cancelled
ORD01102,CUST00221,4/30/2024,13991.68,NetBanking,Pending
ORD01103,CUST00031,2/10/2025,4027.57,NetBanking,Pending
ORD01104,CUST00399,4/6/2025,4692.9,NetBanking,Cancelled
ORD01105,CUST00612,7/9/2024,3497.99,COD,Cancelled
ORD01106,CUST00099,3/28/2024,12751.93,Card,Shipped
ORD01107,CUST00007,6/9/2024,7438.66,UPI,Shipped
ORD01108,CUST00342,5/27/2024,10984.08,Card,Delivered
ORD01109,CUST00719,3/26/2024,12467.71,UPI,Delivered
ORD01110,CUST00256,1/14/2025,6036.92,Card,Delivered
ORD01111,CUST00890,4/21/2025,1206.24,COD,Shipped
ORD01112,CUST00798,4/17/2025,9673.37,COD,Pending
ORD01113,CUST00436,3/21/2024,11631.53,Card,Cancelled
ORD01114,CUST00329,10/11/2024,10743.01,NetBanking,Cancelled
ORD01115,CUST00186,3/28/2024,8849.95,NetBanking,Shipped
ORD01116,CUST00862,12/14/2024,5324.88,NetBanking,Delivered
ORD01117,CUST00119,7/26/2024,14666.98,NetBanking,Pending
ORD01118,CUST00630,7/7/2024,1443.69,UPI,Delivered
ORD01119,CUST00939,6/21/2024,972.94,UPI,Cancelled
ORD01120,CUST00614,6/6/2024,1572.64,COD,Pending
ORD01121,CUST00276,6/6/2024,7179.92,NetBanking,Shipped
ORD01122,CUST00791,7/1/2024,2288.96,COD,Cancelled
ORD01123,CUST00854,2/27/2024,11884.17,COD,Delivered
ORD01124,CUST00595,7/1/2024,4644.15,COD,Shipped
ORD01125,CUST00297,5/13/2024,12741.6,Card,Delivered
ORD01126,CUST00237,6/19/2024,7427.29,UPI,Shipped
ORD01127,CUST00128,4/9/2024,8041.8,COD,Delivered
ORD01128,CUST00807,3/23/2025,1215.99,Card,Shipped
ORD01129,CUST00660,2/26/2025,7913.25,Card,Pending
ORD01130,CUST00039,4/24/2025,7792.1,Card,Delivered
ORD01131,CUST00814,6/29/2024,2776.51,COD,Shipped
ORD01132,CUST00293,1/5/2024,12442.71,COD,Shipped
ORD01133,CUST00701,6/10/2024,1126.4,Card,Delivered
ORD01134,CUST00709,8/15/2024,4724.8,NetBanking,Shipped
ORD01135,CUST00336,4/19/2025,10988.29,COD,Delivered
ORD01136,CUST00525,2/21/2024,8554.97,UPI,Cancelled
ORD01137,CUST00703,8/5/2024,7279.82,NetBanking,Cancelled
ORD01138,CUST00391,3/21/2025,7549.15,COD,Pending
ORD01139,CUST00388,1/15/2025,14016.03,COD,Delivered
ORD01140,CUST00230,6/7/2024,3306.52,COD,Shipped
ORD01141,CUST00620,10/27/2024,8718.76,COD,Pending
ORD01142,CUST00995,5/14/2024,13609.32,UPI,Delivered
ORD01143,CUST00038,12/19/2024,1860.05,NetBanking,Pending
ORD01144,CUST00592,4/26/2024,451.04,Card,Cancelled
ORD01145,CUST00098,3/24/2024,10623.22,COD,Cancelled
ORD01146,CUST00295,4/8/2025,2718.98,NetBanking,Pending
ORD01147,CUST00754,5/21/2024,14080.67,NetBanking,Pending
ORD01148,CUST00380,10/25/2024,6683,NetBanking,Pending
ORD01149,CUST00651,6/17/2024,10707.69,NetBanking,Shipped
ORD01150,CUST00531,4/29/2025,11180.08,UPI,Shipped
ORD01151,CUST00074,3/14/2024,6728.39,COD,Delivered
ORD01152,CUST00141,2/23/2025,4628.75,Card,Pending
ORD01153,CUST00084,4/5/2025,7039.41,NetBanking,Cancelled
ORD01154,CUST00989,4/13/2025,4087.84,NetBanking,Delivered
ORD01155,CUST00273,2/8/2025,11963.11,Card,Pending
ORD01156,CUST00779,9/11/2024,13132.96,COD,Delivered
ORD01157,CUST00187,2/12/2024,10946.57,UPI,Shipped
ORD01158,CUST00515,9/27/2024,5257.44,COD,Delivered
ORD01159,CUST00084,1/31/2025,8756.21,COD,Delivered
ORD01160,CUST00968,5/20/2024,13763.25,UPI,Delivered
ORD01161,CUST00815,1/12/2025,9334.49,Card,Delivered
ORD01162,CUST00480,8/15/2024,8740.96,NetBanking,Cancelled
ORD01163,CUST00574,3/16/2024,12949.36,COD,Shipped
ORD01164,CUST00843,4/23/2024,11881.92,UPI,Cancelled
ORD01165,CUST00517,1/16/2025,8169.22,UPI,Pending
ORD01166,CUST00767,5/7/2025,375.95,NetBanking,Shipped
ORD01167,CUST00690,3/5/2024,6039.54,UPI,Delivered
ORD01168,CUST00247,10/21/2024,11851.52,UPI,Delivered
ORD01169,CUST00982,5/7/2024,12893.21,Card,Pending
ORD01170,CUST00138,6/6/2024,9765.51,NetBanking,Cancelled
ORD01171,CUST00250,3/3/2024,10907.9,UPI,Delivered
ORD01172,CUST00544,12/19/2024,5055.73,UPI,Delivered
ORD01173,CUST00291,1/22/2024,5050.56,Card,Cancelled
ORD01174,CUST00732,4/18/2024,7023.37,COD,Delivered
ORD01175,CUST00352,4/8/2025,14003.46,COD,Shipped
ORD01176,CUST00776,7/13/2024,6150.44,COD,Delivered
ORD01177,CUST00707,4/21/2024,5360.45,COD,Shipped
ORD01178,CUST00362,4/17/2024,3781.52,UPI,Delivered
ORD01179,CUST00342,11/16/2024,8259.38,COD,Delivered
ORD01180,CUST00649,7/6/2024,14343.27,COD,Shipped
ORD01181,CUST00667,2/14/2024,5147.82,COD,Pending
ORD01182,CUST00599,5/2/2024,7412.68,Card,Cancelled
ORD01183,CUST00809,6/26/2024,13182.87,UPI,Pending
ORD01184,CUST00253,5/28/2024,6014.73,UPI,Shipped
ORD01185,CUST00521,3/5/2025,13683,COD,Pending
ORD01186,CUST00468,4/3/2024,616.96,Card,Pending
ORD01187,CUST00666,1/27/2025,5797.51,UPI,Cancelled
ORD01188,CUST00256,4/13/2025,4565.78,UPI,Pending
ORD01189,CUST00262,2/17/2025,3995.09,COD,Delivered
ORD01190,CUST00915,1/18/2024,1751.68,COD,Cancelled
ORD01191,CUST00914,11/20/2024,3230.12,NetBanking,Pending
ORD01192,CUST00272,2/28/2025,834.23,NetBanking,Delivered
ORD01193,CUST00194,1/20/2024,10105.33,UPI,Shipped
ORD01194,CUST00220,9/8/2024,322.43,Card,Pending
ORD01195,CUST00214,8/2/2024,6448.87,UPI,Cancelled
ORD01196,CUST00266,11/20/2024,10211.2,COD,Delivered
ORD01197,CUST00774,9/27/2024,8769.37,NetBanking,Shipped
ORD01198,CUST00023,4/19/2025,8715.1,UPI,Pending
ORD01199,CUST00412,9/10/2024,4049.89,UPI,Shipped
ORD01200,CUST00518,3/29/2024,8141.4,NetBanking,Pending
ORD01201,CUST00277,1/26/2025,13093.3,NetBanking,Delivered
ORD01202,CUST00724,3/14/2025,3709.52,NetBanking,Pending
ORD01203,CUST00867,3/10/2024,7466.21,COD,Cancelled
ORD01204,CUST00202,3/30/2025,514.84,COD,Delivered
ORD01205,CUST00109,2/7/2025,11411.87,NetBanking,Delivered
ORD01206,CUST00313,4/13/2024,14217.24,UPI,Pending
ORD01207,CUST00562,4/15/2024,7154.42,NetBanking,Shipped
ORD01208,CUST00240,1/9/2025,3373.85,NetBanking,Pending
ORD01209,CUST00015,8/18/2024,12475.12,UPI,Shipped
ORD01210,CUST00009,1/2/2025,9154.63,UPI,Cancelled
ORD01211,CUST00525,4/8/2024,12423.39,COD,Delivered
ORD01212,CUST00559,4/5/2024,2090.2,Card,Cancelled
ORD01213,CUST00807,5/15/2024,2669.51,UPI,Cancelled
ORD01214,CUST00671,2/4/2024,12741.26,Card,Delivered
ORD01215,CUST00036,11/8/2024,10917.59,NetBanking,Pending
ORD01216,CUST00138,8/24/2024,308.38,NetBanking,Delivered
ORD01217,CUST00058,1/11/2024,10667.69,COD,Cancelled
ORD01218,CUST00579,2/21/2024,3383.35,NetBanking,Cancelled
ORD01219,CUST00246,2/3/2025,12634.79,UPI,Delivered
ORD01220,CUST00495,11/14/2024,10775.89,NetBanking,Delivered
ORD01221,CUST00650,5/3/2025,13869.23,Card,Cancelled
ORD01222,CUST00975,10/5/2024,7091.12,COD,Shipped
ORD01223,CUST00400,1/16/2025,14747.86,COD,Shipped
ORD01224,CUST00182,4/3/2024,5723.28,COD,Cancelled
ORD01225,CUST00148,2/10/2025,2945.73,UPI,Cancelled
ORD01226,CUST00912,3/2/2025,10469.68,Card,Shipped
ORD01227,CUST00103,8/2/2024,1796.66,UPI,Delivered
ORD01228,CUST00313,4/8/2024,5862.06,COD,Delivered
ORD01229,CUST00391,12/18/2024,3383.66,COD,Delivered
ORD01230,CUST00560,3/17/2024,6110.47,Card,Delivered
ORD01231,CUST00953,4/23/2025,2441.41,UPI,Delivered
ORD01232,CUST00344,10/31/2024,11735.61,Card,Pending
ORD01233,CUST00822,4/2/2025,6328.75,Card,Delivered
ORD01234,CUST00370,10/19/2024,3109.59,UPI,Delivered
ORD01235,CUST00477,6/22/2024,7241.78,NetBanking,Delivered
ORD01236,CUST00099,1/31/2024,7525.01,Card,Cancelled
ORD01237,CUST00818,5/4/2025,8533.67,UPI,Delivered
ORD01238,CUST00473,2/12/2025,3399.58,COD,Delivered
ORD01239,CUST00771,4/7/2024,11724.65,COD,Shipped
ORD01240,CUST00096,3/23/2024,1815.52,COD,Delivered
ORD01241,CUST00522,1/15/2025,7194.69,UPI,Pending
ORD01242,CUST00146,9/10/2024,2947.44,UPI,Cancelled
ORD01243,CUST00892,6/10/2024,13846.33,NetBanking,Pending
ORD01244,CUST00115,2/9/2025,14982.15,UPI,Shipped
ORD01245,CUST00828,10/7/2024,14893.59,UPI,Pending
ORD01246,CUST00007,3/3/2025,6930.86,NetBanking,Shipped
ORD01247,CUST00056,7/27/2024,14752.11,Card,Shipped
ORD01248,CUST00309,1/23/2025,4538.41,Card,Shipped
ORD01249,CUST00148,7/3/2024,1574.08,COD,Delivered
ORD01250,CUST00351,3/14/2024,2880.04,NetBanking,Delivered
ORD01251,CUST00978,3/13/2024,11042.01,UPI,Cancelled
ORD01252,CUST00760,6/5/2024,12384.73,COD,Shipped
ORD01253,CUST00632,7/11/2024,534.54,Card,Pending
ORD01254,CUST00641,11/24/2024,5426.21,UPI,Shipped
ORD01255,CUST00134,4/17/2025,7160.81,UPI,Pending
ORD01256,CUST00838,11/4/2024,4641.6,UPI,Shipped
ORD01257,CUST00971,5/18/2024,5305.21,NetBanking,Cancelled
ORD01258,CUST00392,2/27/2024,748.42,UPI,Delivered
ORD01259,CUST00684,10/21/2024,1834.51,UPI,Shipped
ORD01260,CUST00441,2/16/2025,8199.29,COD,Cancelled
ORD01261,CUST00622,1/10/2025,12074.54,COD,Cancelled
ORD01262,CUST00570,9/2/2024,6533.81,COD,Shipped
ORD01263,CUST00475,4/19/2024,5814.66,UPI,Delivered
ORD01264,CUST00539,9/13/2024,4184.67,COD,Cancelled
ORD01265,CUST00524,1/13/2024,11288.18,COD,Delivered
ORD01266,CUST00579,5/15/2025,1821.12,UPI,Pending
ORD01267,CUST00635,5/29/2024,12726.29,Card,Delivered
ORD01268,CUST00308,8/11/2024,845.46,COD,Shipped
ORD01269,CUST00623,7/20/2024,14436.83,Card,Shipped
ORD01270,CUST00334,2/6/2025,14698.78,NetBanking,Cancelled
ORD01271,CUST00448,9/18/2024,4202.2,UPI,Shipped
ORD01272,CUST00230,3/1/2024,8696.45,COD,Cancelled
ORD01273,CUST00443,5/20/2024,2974.88,UPI,Shipped
ORD01274,CUST00171,2/3/2024,3149.67,COD,Shipped
ORD01275,CUST00015,3/19/2025,5517.34,NetBanking,Delivered
ORD01276,CUST00214,3/25/2025,11468.16,UPI,Delivered
ORD01277,CUST00019,1/11/2024,8318.45,COD,Shipped
ORD01278,CUST00299,2/10/2025,11207.9,COD,Pending
ORD01279,CUST00608,5/2/2024,1846.2,UPI,Delivered
ORD01280,CUST00534,9/21/2024,8661.71,UPI,Delivered
ORD01281,CUST00122,5/9/2024,6211.67,UPI,Delivered
ORD01282,CUST00978,10/23/2024,12866.93,UPI,Pending
ORD01283,CUST00772,10/17/2024,11172.46,Card,Shipped
ORD01284,CUST00702,3/12/2024,7518.19,COD,Pending
ORD01285,CUST00734,1/13/2025,9343.08,COD,Delivered
ORD01286,CUST00815,10/4/2024,11049.22,NetBanking,Delivered
ORD01287,CUST00876,4/27/2025,13025.69,COD,Pending
ORD01288,CUST00398,5/12/2024,3825.17,UPI,Delivered
ORD01289,CUST00612,4/16/2025,12275.85,NetBanking,Shipped
ORD01290,CUST00445,5/7/2024,1957.36,UPI,Shipped
ORD01291,CUST00457,5/2/2025,1420.73,UPI,Delivered
ORD01292,CUST00095,6/11/2024,9999.86,NetBanking,Cancelled
ORD01293,CUST00514,6/17/2024,2294.52,NetBanking,Shipped
ORD01294,CUST00019,5/13/2025,2998.87,NetBanking,Delivered
ORD01295,CUST00372,2/5/2024,3211.11,Card,Cancelled
ORD01296,CUST00421,7/30/2024,643.58,NetBanking,Pending
ORD01297,CUST00589,4/28/2025,9186.7,NetBanking,Cancelled
ORD01298,CUST00912,10/24/2024,10619.99,COD,Pending
ORD01299,CUST00152,8/14/2024,10798.49,UPI,Delivered
ORD01300,CUST00142,10/8/2024,4151.55,UPI,Shipped
ORD01301,CUST00789,12/27/2024,8178.31,UPI,Shipped
ORD01302,CUST00142,4/16/2025,9858.75,COD,Cancelled
ORD01303,CUST00002,5/10/2025,2409.52,COD,Shipped
ORD01304,CUST00544,1/18/2024,5330.43,UPI,Pending
ORD01305,CUST00706,5/14/2024,5006.47,Card,Pending
ORD01306,CUST00809,4/26/2024,13708.59,Card,Pending
ORD01307,CUST00164,6/8/2024,14275.32,Card,Cancelled
ORD01308,CUST00018,8/20/2024,324.63,UPI,Shipped
ORD01309,CUST00097,11/13/2024,14888.86,Card,Cancelled
ORD01310,CUST00563,2/24/2024,1919.69,COD,Delivered
ORD01311,CUST00181,11/17/2024,11837.27,NetBanking,Cancelled
ORD01312,CUST00019,10/16/2024,4445.6,COD,Delivered
ORD01313,CUST00033,3/28/2025,1100.32,Card,Shipped
ORD01314,CUST00271,1/29/2024,6511.76,UPI,Delivered
ORD01315,CUST00131,2/13/2024,8511.05,Card,Pending
ORD01316,CUST00031,2/14/2024,1528.02,Card,Shipped
ORD01317,CUST00131,4/7/2025,8603.41,COD,Delivered
ORD01318,CUST00092,6/28/2024,2051.38,NetBanking,Cancelled
ORD01319,CUST00510,1/6/2024,11084.34,COD,Cancelled
ORD01320,CUST00979,4/24/2024,12260.47,NetBanking,Cancelled
ORD01321,CUST00743,7/14/2024,880.85,NetBanking,Shipped
ORD01322,CUST00148,4/2/2025,14681.35,COD,Shipped
ORD01323,CUST00650,3/12/2025,4637.72,UPI,Delivered
ORD01324,CUST00091,11/14/2024,5126.87,UPI,Cancelled
ORD01325,CUST00737,9/12/2024,11204.12,Card,Cancelled
ORD01326,CUST00866,9/8/2024,2403.73,Card,Cancelled
ORD01327,CUST00985,10/12/2024,6443.47,COD,Pending
ORD01328,CUST00174,9/30/2024,2615.09,NetBanking,Delivered
ORD01329,CUST00696,1/18/2025,2068.02,COD,Shipped
ORD01330,CUST00464,7/20/2024,14805.61,COD,Pending
ORD01331,CUST00829,12/26/2024,5933.92,NetBanking,Pending
ORD01332,CUST00157,5/2/2025,12867.7,NetBanking,Delivered
ORD01333,CUST00949,5/4/2025,9396.74,COD,Pending
ORD01334,CUST00559,3/12/2025,6741.57,NetBanking,Cancelled
ORD01335,CUST00479,8/30/2024,12482.07,Card,Delivered
ORD01336,CUST00213,11/23/2024,5551.76,UPI,Pending
ORD01337,CUST00956,5/14/2025,1811.03,NetBanking,Pending
ORD01338,CUST00997,6/3/2024,2354.5,Card,Cancelled
ORD01339,CUST00279,3/18/2025,12213.09,NetBanking,Delivered
ORD01340,CUST00744,6/6/2024,6405.29,COD,Shipped
ORD01341,CUST00114,4/30/2025,2432.08,NetBanking,Pending
ORD01342,CUST00259,3/7/2025,9148.1,NetBanking,Shipped
ORD01343,CUST00263,7/1/2024,8707.51,Card,Delivered
ORD01344,CUST00410,5/11/2025,9966.89,NetBanking,Cancelled
ORD01345,CUST00839,11/25/2024,1501.53,UPI,Delivered
ORD01346,CUST00728,12/9/2024,9264.39,Card,Delivered
ORD01347,CUST00151,9/28/2024,7061.27,UPI,Pending
ORD01348,CUST00315,4/29/2024,3535.14,NetBanking,Shipped
ORD01349,CUST00067,1/5/2025,8017.88,NetBanking,Pending
ORD01350,CUST00024,10/1/2024,14897.47,COD,Cancelled
ORD01351,CUST00793,3/19/2025,470.64,UPI,Delivered
ORD01352,CUST00187,1/23/2024,1548.4,NetBanking,Cancelled
ORD01353,CUST00673,4/10/2024,11296.33,UPI,Shipped
ORD01354,CUST00884,5/6/2024,633.75,COD,Delivered
ORD01355,CUST00626,6/8/2024,11210.82,COD,Delivered
ORD01356,CUST00969,2/25/2025,3747.82,Card,Delivered
ORD01357,CUST00748,12/31/2024,9699.53,COD,Delivered
ORD01358,CUST00208,1/30/2024,2614.7,Card,Delivered
ORD01359,CUST00458,10/31/2024,8351.23,UPI,Delivered
ORD01360,CUST00827,2/15/2024,4285.13,UPI,Shipped
ORD01361,CUST00942,6/1/2024,14064.44,UPI,Shipped
ORD01362,CUST00769,2/24/2024,10409.91,UPI,Pending
ORD01363,CUST00668,1/25/2025,8410.68,UPI,Delivered
ORD01364,CUST00646,3/28/2025,11413.52,Card,Cancelled
ORD01365,CUST00733,12/16/2024,9329.22,UPI,Cancelled
ORD01366,CUST00596,2/20/2024,9790.61,COD,Cancelled
ORD01367,CUST00374,3/20/2025,13834.71,UPI,Delivered
ORD01368,CUST00982,4/15/2024,6675.73,Card,Cancelled
ORD01369,CUST00170,9/28/2024,10651.3,UPI,Pending
ORD01370,CUST00171,4/17/2025,8460.05,COD,Delivered
ORD01371,CUST00141,8/29/2024,11734.97,UPI,Shipped
ORD01372,CUST00115,8/27/2024,14193.3,UPI,Pending
ORD01373,CUST00566,1/15/2024,10415.84,UPI,Pending
ORD01374,CUST00855,5/14/2025,2488.51,Card,Pending
ORD01375,CUST00493,5/8/2024,7458.07,UPI,Shipped
ORD01376,CUST00347,9/5/2024,12595.02,UPI,Pending
ORD01377,CUST00430,3/25/2025,8482.94,UPI,Delivered
ORD01378,CUST00818,4/3/2024,4444.58,UPI,Cancelled
ORD01379,CUST00361,2/5/2025,7089.73,UPI,Delivered
ORD01380,CUST00667,3/27/2024,4002.02,NetBanking,Shipped
ORD01381,CUST00787,2/12/2025,2197.31,COD,Shipped
ORD01382,CUST00994,3/24/2024,12398.76,COD,Delivered
ORD01383,CUST00394,2/8/2025,9116.48,COD,Cancelled
ORD01384,CUST00467,3/9/2025,4041.81,COD,Delivered
ORD01385,CUST00821,7/18/2024,6748.76,NetBanking,Delivered
ORD01386,CUST00635,8/11/2024,10413.38,Card,Cancelled
ORD01387,CUST00767,12/22/2024,14106.13,Card,Delivered
ORD01388,CUST00057,6/13/2024,11089.84,COD,Cancelled
ORD01389,CUST00149,2/25/2025,5948.25,UPI,Pending
ORD01390,CUST00010,4/20/2025,3420.27,NetBanking,Delivered
ORD01391,CUST00978,4/26/2025,12237.88,NetBanking,Shipped
ORD01392,CUST00869,5/24/2024,3335.84,UPI,Shipped
ORD01393,CUST00141,10/22/2024,4470.66,NetBanking,Delivered
ORD01394,CUST00025,4/22/2024,351.24,UPI,Pending
ORD01395,CUST00829,11/3/2024,12180.45,UPI,Cancelled
ORD01396,CUST00235,3/15/2025,893.39,UPI,Cancelled
ORD01397,CUST00073,4/11/2025,5780.44,NetBanking,Pending
ORD01398,CUST00298,12/23/2024,6183.34,Card,Shipped
ORD01399,CUST00889,12/7/2024,14048.63,NetBanking,Shipped
ORD01400,CUST00564,6/7/2024,1542.59,UPI,Cancelled
ORD01401,CUST00840,1/9/2024,1953.67,NetBanking,Pending
ORD01402,CUST00266,8/3/2024,11576.87,Card,Pending
ORD01403,CUST00840,9/15/2024,12164.1,COD,Delivered
ORD01404,CUST00484,6/12/2024,3852.37,NetBanking,Cancelled
ORD01405,CUST00784,1/16/2025,13733.03,UPI,Shipped
ORD01406,CUST00789,10/6/2024,1330.13,COD,Pending
ORD01407,CUST00827,6/17/2024,1657.51,Card,Cancelled
ORD01408,CUST00577,1/26/2025,7566.71,UPI,Cancelled
ORD01409,CUST00266,7/4/2024,2490.51,UPI,Pending
ORD01410,CUST00233,3/23/2024,11068.41,UPI,Shipped
ORD01411,CUST00806,5/31/2024,4532.24,NetBanking,Cancelled
ORD01412,CUST00792,8/4/2024,7046.12,Card,Delivered
ORD01413,CUST00067,7/2/2024,6734.84,UPI,Pending
ORD01414,CUST00063,4/14/2024,12438.27,COD,Delivered
ORD01415,CUST00394,7/4/2024,12121.53,COD,Shipped
ORD01416,CUST00681,9/3/2024,10895.37,Card,Delivered
ORD01417,CUST00326,9/6/2024,4742.06,Card,Delivered
ORD01418,CUST00191,2/1/2025,13352.28,NetBanking,Delivered
ORD01419,CUST00309,3/6/2025,7648.17,NetBanking,Pending
ORD01420,CUST00186,12/9/2024,5873.18,Card,Shipped
ORD01421,CUST00266,6/19/2024,11604.55,COD,Pending
ORD01422,CUST00915,3/16/2024,6872.85,NetBanking,Delivered
ORD01423,CUST00427,8/17/2024,6543.44,Card,Delivered
ORD01424,CUST00669,8/16/2024,13407.05,Card,Shipped
ORD01425,CUST00969,9/1/2024,1200.45,Card,Cancelled
ORD01426,CUST00745,4/16/2024,8317.65,COD,Pending
ORD01427,CUST00709,8/1/2024,2247.77,Card,Shipped
ORD01428,CUST00542,4/2/2025,6582.31,COD,Delivered
ORD01429,CUST00918,7/27/2024,10142.96,UPI,Cancelled
ORD01430,CUST00941,9/21/2024,14054.67,COD,Shipped
ORD01431,CUST00059,3/31/2024,10470.04,NetBanking,Shipped
ORD01432,CUST00007,5/12/2024,5333.43,UPI,Shipped
ORD01433,CUST00205,8/30/2024,8750.12,UPI,Cancelled
ORD01434,CUST00875,11/1/2024,6850.71,NetBanking,Delivered
ORD01435,CUST00197,6/9/2024,10290.81,NetBanking,Pending
ORD01436,CUST00060,8/18/2024,11103.83,COD,Pending
ORD01437,CUST00348,12/29/2024,5295.08,Card,Pending
ORD01438,CUST00079,3/11/2025,8883.11,UPI,Shipped
ORD01439,CUST00801,3/1/2025,7999.14,Card,Shipped
ORD01440,CUST00216,9/1/2024,12932.64,Card,Pending
ORD01441,CUST00212,1/8/2025,2867.88,Card,Shipped
ORD01442,CUST00659,4/28/2025,2378.93,UPI,Delivered
ORD01443,CUST00077,1/24/2025,12571.57,NetBanking,Pending
ORD01444,CUST00622,8/6/2024,1986.24,COD,Delivered
ORD01445,CUST00169,8/4/2024,1046.65,NetBanking,Shipped
ORD01446,CUST00905,11/11/2024,8239.29,UPI,Cancelled
ORD01447,CUST00858,5/17/2024,8376.81,Card,Delivered
ORD01448,CUST00180,7/10/2024,14111.95,COD,Delivered
ORD01449,CUST00599,4/16/2024,12875.87,Card,Shipped
ORD01450,CUST00921,1/16/2024,2866.71,COD,Delivered
ORD01451,CUST00912,2/18/2024,4138.89,COD,Cancelled
ORD01452,CUST00849,9/10/2024,1346,COD,Delivered
ORD01453,CUST00074,3/20/2025,6868.54,UPI,Shipped
ORD01454,CUST00083,2/16/2025,6120.92,Card,Pending
ORD01455,CUST00798,3/30/2025,782.2,NetBanking,Delivered
ORD01456,CUST00034,4/26/2025,4509.84,Card,Shipped
ORD01457,CUST00424,4/4/2024,12559.93,Card,Cancelled
ORD01458,CUST00287,4/14/2025,5775.68,Card,Delivered
ORD01459,CUST00828,3/17/2025,6720.43,NetBanking,Pending
ORD01460,CUST00248,8/9/2024,13755.02,UPI,Shipped
ORD01461,CUST00577,5/5/2025,681.17,COD,Cancelled
ORD01462,CUST00063,5/13/2024,2512.85,NetBanking,Cancelled
ORD01463,CUST00716,2/25/2024,9133.62,Card,Shipped
ORD01464,CUST00718,8/24/2024,2538.45,COD,Shipped
ORD01465,CUST00882,10/3/2024,1487.7,UPI,Pending
ORD01466,CUST00357,4/23/2024,9852.82,NetBanking,Pending
ORD01467,CUST00129,1/31/2024,12490.59,COD,Pending
ORD01468,CUST00662,7/21/2024,5100.69,Card,Pending
ORD01469,CUST00171,3/17/2025,8383.88,NetBanking,Cancelled
ORD01470,CUST00211,5/15/2025,8904.06,NetBanking,Cancelled
ORD01471,CUST00464,1/12/2024,10897.23,COD,Cancelled
ORD01472,CUST00003,2/21/2025,6396.7,COD,Cancelled
ORD01473,CUST00423,1/20/2025,12728.02,UPI,Shipped
ORD01474,CUST00559,1/23/2024,351.4,UPI,Shipped
ORD01475,CUST00048,10/31/2024,2655.38,UPI,Cancelled
ORD01476,CUST00846,2/1/2025,14178.55,Card,Delivered
ORD01477,CUST00266,5/23/2024,8224.77,UPI,Shipped
ORD01478,CUST00921,3/29/2024,2521.79,Card,Shipped
ORD01479,CUST00178,4/15/2024,297.1,Card,Shipped
ORD01480,CUST00069,7/2/2024,802.91,NetBanking,Cancelled
ORD01481,CUST00874,6/25/2024,14606.7,UPI,Shipped
ORD01482,CUST00291,6/21/2024,5062.7,UPI,Shipped
ORD01483,CUST00415,3/13/2025,8797.25,NetBanking,Shipped
ORD01484,CUST00199,11/15/2024,11374.78,Card,Shipped
ORD01485,CUST00167,3/24/2025,4559.24,Card,Pending
ORD01486,CUST00168,4/15/2025,8963.01,Card,Delivered
ORD01487,CUST00551,2/19/2025,594.45,Card,Delivered
ORD01488,CUST00852,3/5/2024,14495.59,NetBanking,Cancelled
ORD01489,CUST00166,2/16/2024,13219.62,UPI,Pending
ORD01490,CUST00342,2/3/2025,11320.08,COD,Cancelled
ORD01491,CUST00896,4/9/2025,9253.58,Card,Delivered
ORD01492,CUST00147,3/1/2024,3792.36,COD,Pending
ORD01493,CUST00078,4/11/2024,7320.61,NetBanking,Cancelled
ORD01494,CUST00164,5/22/2024,1170.38,UPI,Pending
ORD01495,CUST00610,4/3/2024,11668.13,NetBanking,Delivered
ORD01496,CUST00209,10/16/2024,13544.97,NetBanking,Delivered
ORD01497,CUST00136,10/27/2024,2876.01,COD,Delivered
ORD01498,CUST00235,12/25/2024,1678.14,NetBanking,Shipped
ORD01499,CUST00411,1/4/2025,2096.01,COD,Cancelled
ORD01500,CUST00327,8/30/2024,2436.94,COD,Cancelled
ORD01501,CUST00106,7/15/2024,13480.03,Card,Delivered
ORD01502,CUST00636,3/31/2025,6500.71,COD,Shipped
ORD01503,CUST00005,1/14/2024,8652.01,Card,Cancelled
ORD01504,CUST00896,6/10/2024,2233.94,UPI,Shipped
ORD01505,CUST00723,3/26/2024,1767.24,NetBanking,Shipped
ORD01506,CUST00340,3/16/2025,5448.46,NetBanking,Delivered
ORD01507,CUST00215,5/18/2024,10852.97,Card,Delivered
ORD01508,CUST00656,10/24/2024,1755,Card,Delivered
ORD01509,CUST00872,9/21/2024,6735.93,COD,Shipped
ORD01510,CUST00478,5/13/2024,9160.88,Card,Cancelled
ORD01511,CUST00760,12/20/2024,3919.6,Card,Shipped
ORD01512,CUST00096,5/12/2025,7625.43,Card,Cancelled
ORD01513,CUST00818,11/17/2024,10196.01,UPI,Shipped
ORD01514,CUST00950,1/11/2025,14543.08,NetBanking,Pending
ORD01515,CUST00043,9/9/2024,6585.05,COD,Shipped
ORD01516,CUST00214,5/7/2025,13233.29,Card,Pending
ORD01517,CUST00098,6/30/2024,5497.93,UPI,Shipped
ORD01518,CUST00479,6/23/2024,10802.89,NetBanking,Pending
ORD01519,CUST00059,5/20/2024,13274.62,NetBanking,Cancelled
ORD01520,CUST00540,1/11/2025,8049.99,Card,Cancelled
ORD01521,CUST00448,12/24/2024,10716.9,COD,Shipped
ORD01522,CUST00808,7/26/2024,2744.14,NetBanking,Pending
ORD01523,CUST00129,9/3/2024,9945.24,Card,Cancelled
ORD01524,CUST00947,6/5/2024,3407.26,NetBanking,Cancelled
ORD01525,CUST00805,2/11/2024,8866.91,Card,Shipped
ORD01526,CUST00188,3/29/2024,13069.73,UPI,Delivered
ORD01527,CUST00188,9/30/2024,5419.5,COD,Shipped
ORD01528,CUST00905,1/22/2025,14835.08,COD,Shipped
ORD01529,CUST00422,10/9/2024,2992.8,NetBanking,Shipped
ORD01530,CUST00014,11/26/2024,1541.47,Card,Shipped
ORD01531,CUST00945,5/5/2024,4248.2,NetBanking,Shipped
ORD01532,CUST00012,10/31/2024,11863.3,COD,Pending
ORD01533,CUST00852,3/28/2024,10465.64,UPI,Shipped
ORD01534,CUST00409,7/28/2024,203.65,NetBanking,Delivered
ORD01535,CUST00595,5/7/2025,5547.34,Card,Shipped
ORD01536,CUST00489,2/4/2024,12572.12,UPI,Delivered
ORD01537,CUST00238,1/2/2025,9294.94,UPI,Delivered
ORD01538,CUST00225,10/21/2024,3835.03,Card,Shipped
ORD01539,CUST00165,3/9/2024,4608.6,COD,Delivered
ORD01540,CUST00973,2/14/2024,8959.92,COD,Delivered
ORD01541,CUST00048,12/21/2024,6414.11,UPI,Shipped
ORD01542,CUST00498,8/24/2024,9954.32,NetBanking,Pending
ORD01543,CUST00410,5/23/2024,1841.28,COD,Delivered
ORD01544,CUST01000,8/30/2024,6651.71,Card,Pending
ORD01545,CUST00224,5/24/2024,10688.93,NetBanking,Delivered
ORD01546,CUST00587,1/8/2024,5018.35,COD,Shipped
ORD01547,CUST00278,4/12/2024,6470.16,COD,Pending
ORD01548,CUST00151,12/3/2024,12889.37,UPI,Shipped
ORD01549,CUST00908,3/20/2025,3133.77,COD,Delivered
ORD01550,CUST00659,1/7/2024,14065.48,NetBanking,Cancelled
ORD01551,CUST00096,12/30/2024,14481.96,NetBanking,Shipped
ORD01552,CUST00205,4/25/2025,10788.16,COD,Cancelled
ORD01553,CUST00922,5/21/2024,12293.48,UPI,Shipped
ORD01554,CUST00183,8/23/2024,7066.05,COD,Cancelled
ORD01555,CUST00974,9/1/2024,6419.3,UPI,Pending
ORD01556,CUST00710,3/15/2025,3284.74,NetBanking,Cancelled
ORD01557,CUST00639,4/2/2024,14625.24,NetBanking,Pending
ORD01558,CUST00072,2/18/2025,7206.05,NetBanking,Delivered
ORD01559,CUST00564,9/18/2024,6732.43,UPI,Pending
ORD01560,CUST00631,11/13/2024,8556.55,Card,Cancelled
ORD01561,CUST00188,12/23/2024,809.41,Card,Cancelled
ORD01562,CUST00225,10/13/2024,6790.39,NetBanking,Cancelled
ORD01563,CUST00788,2/9/2024,7543.91,Card,Cancelled
ORD01564,CUST00439,6/25/2024,11757.39,Card,Pending
ORD01565,CUST00262,10/20/2024,6839.8,UPI,Shipped
ORD01566,CUST00896,7/2/2024,4542.64,NetBanking,Shipped
ORD01567,CUST00863,7/12/2024,11463.76,COD,Delivered
ORD01568,CUST00705,5/23/2024,7120.64,Card,Pending
ORD01569,CUST00724,1/10/2025,4140.06,UPI,Delivered
ORD01570,CUST00348,10/31/2024,3561.62,NetBanking,Cancelled
ORD01571,CUST00760,9/3/2024,14165.38,Card,Delivered
ORD01572,CUST00744,7/19/2024,4322.2,NetBanking,Delivered
ORD01573,CUST00818,3/3/2025,681.02,Card,Pending
ORD01574,CUST00080,9/30/2024,4075.38,COD,Delivered
ORD01575,CUST00501,6/5/2024,12727.16,COD,Delivered
ORD01576,CUST00228,5/30/2024,6943.04,NetBanking,Cancelled
ORD01577,CUST00469,4/18/2024,958.19,COD,Delivered
ORD01578,CUST00771,10/4/2024,6880.31,NetBanking,Pending
ORD01579,CUST00918,5/11/2024,6328.59,COD,Shipped
ORD01580,CUST00898,12/13/2024,5937.95,Card,Pending
ORD01581,CUST00947,10/10/2024,12175.2,UPI,Cancelled
ORD01582,CUST00305,12/3/2024,13257.57,UPI,Cancelled
ORD01583,CUST00530,2/22/2025,11248.86,UPI,Delivered
ORD01584,CUST00464,3/17/2024,7235.59,Card,Delivered
ORD01585,CUST00796,1/6/2024,7851.94,NetBanking,Delivered
ORD01586,CUST00466,12/23/2024,9817.22,COD,Delivered
ORD01587,CUST01000,5/28/2024,3695.58,COD,Pending
ORD01588,CUST00346,1/18/2024,13511.49,Card,Shipped
ORD01589,CUST00274,8/15/2024,13739.73,Card,Shipped
ORD01590,CUST00406,1/14/2024,7349.1,COD,Shipped
ORD01591,CUST00838,1/12/2024,6187.36,UPI,Shipped
ORD01592,CUST00753,4/3/2024,2914.47,COD,Pending
ORD01593,CUST00589,4/11/2025,9707.12,UPI,Delivered
ORD01594,CUST00525,1/29/2025,6891.41,COD,Cancelled
ORD01595,CUST00515,4/21/2024,11446.93,UPI,Pending
ORD01596,CUST00770,8/29/2024,3237.64,COD,Shipped
ORD01597,CUST00697,6/4/2024,12235.46,COD,Pending
ORD01598,CUST00760,1/13/2024,12688.75,NetBanking,Delivered
ORD01599,CUST00687,3/8/2025,9624.65,Card,Shipped
ORD01600,CUST00121,2/28/2025,10478.15,UPI,Cancelled
ORD01601,CUST00878,11/27/2024,8503.31,UPI,Pending
ORD01602,CUST00741,12/15/2024,6753.17,COD,Pending
ORD01603,CUST00192,4/15/2024,12616.25,UPI,Pending
ORD01604,CUST00167,1/25/2025,8752.63,UPI,Pending
ORD01605,CUST00967,4/8/2024,12181.85,Card,Delivered
ORD01606,CUST00581,12/10/2024,12282.74,Card,Pending
ORD01607,CUST00576,3/2/2024,2477.99,NetBanking,Shipped
ORD01608,CUST00824,1/30/2025,3654.03,UPI,Pending
ORD01609,CUST00937,1/12/2025,13846.41,COD,Cancelled
ORD01610,CUST00269,11/8/2024,2739.91,NetBanking,Shipped
ORD01611,CUST00212,1/16/2024,10825.86,Card,Delivered
ORD01612,CUST00790,12/11/2024,3713.6,NetBanking,Cancelled
ORD01613,CUST00656,12/17/2024,9102.26,UPI,Delivered
ORD01614,CUST00368,5/24/2024,11671.29,COD,Pending
ORD01615,CUST00390,1/14/2024,9062.45,UPI,Cancelled
ORD01616,CUST00552,2/23/2025,6700,UPI,Cancelled
ORD01617,CUST00622,5/12/2024,8051.43,NetBanking,Shipped
ORD01618,CUST00935,10/14/2024,7786.92,NetBanking,Shipped
ORD01619,CUST00056,2/19/2025,10521.15,UPI,Pending
ORD01620,CUST00552,1/6/2025,1852.36,COD,Delivered
ORD01621,CUST00650,7/16/2024,5778.2,NetBanking,Shipped
ORD01622,CUST00117,12/13/2024,5287.35,UPI,Delivered
ORD01623,CUST00667,7/13/2024,12793.53,Card,Delivered
ORD01624,CUST00002,6/17/2024,3155.75,COD,Delivered
ORD01625,CUST00488,2/28/2024,1005.11,Card,Pending
ORD01626,CUST00306,11/18/2024,829.46,UPI,Shipped
ORD01627,CUST00526,1/16/2024,9510.74,UPI,Delivered
ORD01628,CUST00164,8/20/2024,6151.25,Card,Pending
ORD01629,CUST00179,10/8/2024,9838.97,NetBanking,Cancelled
ORD01630,CUST00540,3/7/2025,5028.48,UPI,Delivered
ORD01631,CUST00151,8/22/2024,7841.83,NetBanking,Shipped
ORD01632,CUST00663,11/24/2024,7110.51,NetBanking,Delivered
ORD01633,CUST00430,2/8/2024,8189.59,COD,Delivered
ORD01634,CUST00615,1/3/2025,13291.46,COD,Delivered
ORD01635,CUST00820,3/28/2024,7189.27,COD,Shipped
ORD01636,CUST00571,1/8/2024,689.79,Card,Delivered
ORD01637,CUST00640,5/2/2024,1976.69,UPI,Shipped
ORD01638,CUST00432,4/17/2025,3080.35,NetBanking,Cancelled
ORD01639,CUST00224,5/17/2024,5025.74,COD,Shipped
ORD01640,CUST00260,11/24/2024,5143.32,COD,Delivered
ORD01641,CUST00183,2/11/2024,362.09,NetBanking,Shipped
ORD01642,CUST00167,6/1/2024,9932.92,NetBanking,Shipped
ORD01643,CUST00611,7/27/2024,474.8,UPI,Shipped
ORD01644,CUST00229,5/4/2025,6986.23,Card,Delivered
ORD01645,CUST00565,4/3/2024,13660.2,COD,Pending
ORD01646,CUST00836,2/25/2025,13917.3,UPI,Shipped
ORD01647,CUST00386,11/8/2024,9805.57,COD,Delivered
ORD01648,CUST00941,3/8/2024,11362.37,Card,Pending
ORD01649,CUST00137,6/11/2024,12698.03,NetBanking,Delivered
ORD01650,CUST00364,6/29/2024,3490.13,COD,Cancelled
ORD01651,CUST00772,9/13/2024,1371.56,COD,Cancelled
ORD01652,CUST00965,2/2/2025,4320.04,UPI,Shipped
ORD01653,CUST00410,3/23/2025,12440.62,NetBanking,Shipped
ORD01654,CUST00361,3/1/2024,13139.32,COD,Pending
ORD01655,CUST00531,5/7/2024,5667.69,COD,Pending
ORD01656,CUST00203,3/18/2024,14418.81,Card,Pending
ORD01657,CUST00391,1/20/2024,6167.84,COD,Pending
ORD01658,CUST00600,5/25/2024,1290.61,NetBanking,Cancelled
ORD01659,CUST00837,10/17/2024,7372.11,Card,Shipped
ORD01660,CUST00052,1/18/2025,14279.47,Card,Pending
ORD01661,CUST00170,4/4/2024,14426.44,Card,Delivered
ORD01662,CUST00427,7/15/2024,6092.7,COD,Pending
ORD01663,CUST00194,3/31/2024,13409.6,COD,Shipped
ORD01664,CUST00937,10/28/2024,11111.11,Card,Shipped
ORD01665,CUST00770,6/13/2024,8382.12,COD,Pending
ORD01666,CUST00528,10/11/2024,7067.07,COD,Pending
ORD01667,CUST00192,11/8/2024,5708.1,COD,Delivered
ORD01668,CUST00125,6/3/2024,3856.47,Card,Delivered
ORD01669,CUST00971,9/24/2024,13030.62,NetBanking,Shipped
ORD01670,CUST00336,2/18/2024,3162.1,Card,Delivered
ORD01671,CUST00130,3/20/2024,6156.27,UPI,Delivered
ORD01672,CUST00069,4/4/2025,4485.97,UPI,Pending
ORD01673,CUST00409,4/21/2025,2372.55,UPI,Cancelled
ORD01674,CUST00668,1/14/2025,9987.76,UPI,Cancelled
ORD01675,CUST00959,1/9/2025,8547.54,Card,Cancelled
ORD01676,CUST00018,3/1/2024,3221.05,COD,Cancelled
ORD01677,CUST00923,3/18/2024,9606.4,COD,Shipped
ORD01678,CUST00606,1/17/2024,9270.88,COD,Cancelled
ORD01679,CUST00688,3/2/2025,5879.42,Card,Shipped
ORD01680,CUST00931,5/31/2024,368.08,Card,Delivered
ORD01681,CUST00188,9/22/2024,3656.28,Card,Delivered
ORD01682,CUST00955,10/18/2024,7370.29,COD,Pending
ORD01683,CUST00966,11/7/2024,12045.91,NetBanking,Pending
ORD01684,CUST00938,3/5/2024,14077.85,UPI,Cancelled
ORD01685,CUST00547,7/24/2024,2149.29,UPI,Delivered
ORD01686,CUST00675,8/30/2024,5594.53,UPI,Pending
ORD01687,CUST00419,11/11/2024,6253.79,COD,Cancelled
ORD01688,CUST00492,5/15/2025,2463.44,NetBanking,Delivered
ORD01689,CUST00254,6/7/2024,11971.96,NetBanking,Pending
ORD01690,CUST00124,5/11/2024,10720.15,NetBanking,Shipped
ORD01691,CUST00075,5/8/2025,9918.4,COD,Cancelled
ORD01692,CUST00415,3/11/2025,1634.61,UPI,Pending
ORD01693,CUST00508,9/7/2024,3107.45,Card,Delivered
ORD01694,CUST00994,9/11/2024,5374.26,Card,Pending
ORD01695,CUST00776,2/14/2024,8718.86,Card,Delivered
ORD01696,CUST00712,3/16/2024,5136.18,UPI,Shipped
ORD01697,CUST00496,9/21/2024,3061.97,COD,Delivered
ORD01698,CUST00306,4/7/2024,11030.08,NetBanking,Cancelled
ORD01699,CUST00867,5/20/2024,6838.6,UPI,Cancelled
ORD01700,CUST00442,9/9/2024,579.96,COD,Shipped
ORD01701,CUST00231,1/31/2025,4865.16,UPI,Delivered
ORD01702,CUST00858,12/20/2024,7162.45,NetBanking,Delivered
ORD01703,CUST00776,2/2/2025,9202.85,COD,Delivered
ORD01704,CUST00941,5/15/2025,10383.31,NetBanking,Delivered
ORD01705,CUST00712,9/4/2024,3735.61,Card,Cancelled
ORD01706,CUST00275,2/10/2024,5404.79,Card,Cancelled
ORD01707,CUST00620,1/19/2024,12246.36,NetBanking,Delivered
ORD01708,CUST00355,6/25/2024,8260.21,UPI,Delivered
ORD01709,CUST00917,6/13/2024,12560.48,NetBanking,Cancelled
ORD01710,CUST00820,1/2/2025,9363.49,NetBanking,Shipped
ORD01711,CUST00683,11/4/2024,1931.2,COD,Delivered
ORD01712,CUST00504,11/27/2024,12354.62,UPI,Delivered
ORD01713,CUST00012,5/25/2024,8899.92,UPI,Cancelled
ORD01714,CUST00915,6/12/2024,4814.02,NetBanking,Delivered
ORD01715,CUST00255,1/24/2025,9142.26,Card,Shipped
ORD01716,CUST00824,2/11/2024,8186.49,Card,Pending
ORD01717,CUST00788,7/20/2024,2572.72,UPI,Shipped
ORD01718,CUST00381,9/20/2024,13747.01,COD,Cancelled
ORD01719,CUST00996,11/17/2024,10461.92,UPI,Pending
ORD01720,CUST00554,9/30/2024,384.22,COD,Cancelled
ORD01721,CUST00623,3/21/2024,10527.65,UPI,Pending
ORD01722,CUST00709,5/24/2024,6672.47,Card,Shipped
ORD01723,CUST00243,1/4/2025,5269.68,COD,Shipped
ORD01724,CUST00057,4/12/2024,14001.6,COD,Cancelled
ORD01725,CUST00871,5/14/2024,505.84,UPI,Pending
ORD01726,CUST00044,9/6/2024,7682.72,COD,Delivered
ORD01727,CUST00173,11/1/2024,807.19,UPI,Delivered
ORD01728,CUST00860,10/3/2024,10898.71,NetBanking,Shipped
ORD01729,CUST00095,2/10/2024,3155.44,Card,Pending
ORD01730,CUST00103,7/12/2024,1624.48,NetBanking,Cancelled
ORD01731,CUST00049,10/14/2024,5275.07,COD,Shipped
ORD01732,CUST00674,4/5/2024,1965.71,COD,Delivered
ORD01733,CUST00466,5/31/2024,12021.06,Card,Shipped
ORD01734,CUST00322,1/10/2024,3543.18,COD,Delivered
ORD01735,CUST00489,8/31/2024,14289.2,NetBanking,Cancelled
ORD01736,CUST00492,5/31/2024,10950.86,UPI,Shipped
ORD01737,CUST00656,4/15/2025,13451.92,UPI,Pending
ORD01738,CUST00066,1/19/2025,4481.28,UPI,Cancelled
ORD01739,CUST00250,1/8/2025,8733.37,COD,Pending
ORD01740,CUST00397,2/15/2025,14967.47,Card,Pending
ORD01741,CUST00255,4/2/2024,5035.41,COD,Delivered
ORD01742,CUST00238,7/5/2024,14648.1,Card,Pending
ORD01743,CUST00758,2/7/2024,8112.38,UPI,Shipped
ORD01744,CUST00498,7/10/2024,12231.73,COD,Delivered
ORD01745,CUST00929,4/20/2024,5946.27,COD,Delivered
ORD01746,CUST00951,6/18/2024,12226.49,COD,Shipped
ORD01747,CUST00406,1/22/2024,6057.98,COD,Delivered
ORD01748,CUST00046,7/8/2024,2113.13,UPI,Pending
ORD01749,CUST00858,5/16/2024,318.61,UPI,Delivered
ORD01750,CUST00222,3/16/2025,8882.3,UPI,Shipped
ORD01751,CUST00825,1/31/2024,11163.54,UPI,Shipped
ORD01752,CUST00139,7/5/2024,544.92,NetBanking,Cancelled
ORD01753,CUST00706,3/21/2024,3160.46,COD,Cancelled
ORD01754,CUST00479,10/18/2024,10502.48,NetBanking,Shipped
ORD01755,CUST00115,3/15/2025,8702.28,Card,Pending
ORD01756,CUST00051,1/22/2024,9424.56,COD,Delivered
ORD01757,CUST00884,3/9/2024,14511.72,NetBanking,Pending
ORD01758,CUST00303,4/23/2025,9991.48,NetBanking,Cancelled
ORD01759,CUST00605,11/18/2024,14286.93,UPI,Cancelled
ORD01760,CUST00766,5/26/2024,8441.19,NetBanking,Cancelled
ORD01761,CUST00338,4/18/2025,3531.91,UPI,Delivered
ORD01762,CUST00017,10/12/2024,9533.2,UPI,Pending
ORD01763,CUST00645,6/27/2024,5385.79,Card,Cancelled
ORD01764,CUST00860,3/29/2025,12709.97,NetBanking,Pending
ORD01765,CUST00161,7/26/2024,13030.95,NetBanking,Shipped
ORD01766,CUST00506,3/4/2024,9324.66,UPI,Cancelled
ORD01767,CUST00418,12/24/2024,5822.32,Card,Pending
ORD01768,CUST00831,2/22/2024,6415.99,Card,Cancelled
ORD01769,CUST00434,10/4/2024,651.15,UPI,Cancelled
ORD01770,CUST00885,8/17/2024,9677.14,COD,Pending
ORD01771,CUST00135,1/9/2024,3111.76,UPI,Cancelled
ORD01772,CUST00374,9/15/2024,602.16,NetBanking,Shipped
ORD01773,CUST00005,12/14/2024,1204.2,Card,Delivered
ORD01774,CUST00509,8/4/2024,12172.66,NetBanking,Pending
ORD01775,CUST00356,1/28/2024,7993.08,UPI,Cancelled
ORD01776,CUST00184,3/7/2024,3983.77,UPI,Shipped
ORD01777,CUST00605,5/5/2024,5030.68,COD,Cancelled
ORD01778,CUST00727,1/29/2024,5755.57,NetBanking,Cancelled
ORD01779,CUST00100,4/19/2024,10264.14,NetBanking,Pending
ORD01780,CUST00056,10/25/2024,4925.9,COD,Delivered
ORD01781,CUST00956,10/20/2024,11083.03,COD,Pending
ORD01782,CUST00762,5/8/2025,14063.6,COD,Shipped
ORD01783,CUST00339,8/7/2024,5947.48,UPI,Shipped
ORD01784,CUST00903,4/9/2024,4969.58,COD,Cancelled
ORD01785,CUST00687,11/17/2024,8481.58,COD,Delivered
ORD01786,CUST00704,7/10/2024,7136.87,Card,Shipped
ORD01787,CUST00711,1/16/2025,7278.38,COD,Delivered
ORD01788,CUST00272,10/4/2024,3816.54,UPI,Delivered
ORD01789,CUST00191,10/15/2024,2626.35,NetBanking,Pending
ORD01790,CUST00248,9/7/2024,3411.81,Card,Pending
ORD01791,CUST00806,4/18/2024,10302.66,Card,Pending
ORD01792,CUST00266,5/28/2024,790.79,Card,Cancelled
ORD01793,CUST00782,5/2/2024,2625.21,COD,Pending
ORD01794,CUST00633,7/11/2024,12920.1,Card,Cancelled
ORD01795,CUST00450,3/25/2024,7206.29,Card,Shipped
ORD01796,CUST00739,4/24/2024,8116.78,NetBanking,Shipped
ORD01797,CUST00140,1/24/2024,3726.82,Card,Delivered
ORD01798,CUST00097,10/21/2024,3920.16,UPI,Delivered
ORD01799,CUST00632,8/4/2024,2995.7,Card,Cancelled
ORD01800,CUST00142,5/30/2024,3343.78,NetBanking,Pending
ORD01801,CUST00073,12/3/2024,9148.82,Card,Delivered
ORD01802,CUST00689,2/13/2025,7352.42,NetBanking,Delivered
ORD01803,CUST00863,6/17/2024,4177.19,NetBanking,Shipped
ORD01804,CUST00399,4/4/2025,1052.17,COD,Cancelled
ORD01805,CUST00583,8/11/2024,10407.95,UPI,Shipped
ORD01806,CUST00983,10/9/2024,3472.83,UPI,Delivered
ORD01807,CUST00853,1/1/2025,6021.55,NetBanking,Shipped
ORD01808,CUST00690,4/19/2024,2489.94,COD,Shipped
ORD01809,CUST00132,4/12/2025,7492.89,COD,Pending
ORD01810,CUST00209,4/21/2024,14100.65,COD,Delivered
ORD01811,CUST00408,5/3/2025,6146.77,NetBanking,Pending
ORD01812,CUST00948,1/15/2024,12079.29,UPI,Shipped
ORD01813,CUST00371,10/12/2024,974.93,COD,Delivered
ORD01814,CUST00630,6/20/2024,4835.24,NetBanking,Shipped
ORD01815,CUST00295,11/18/2024,1455.25,UPI,Pending
ORD01816,CUST00726,2/9/2025,4603.17,UPI,Shipped
ORD01817,CUST00508,4/4/2025,4199.68,COD,Pending
ORD01818,CUST00777,2/4/2025,5628.99,Card,Pending
ORD01819,CUST00431,8/20/2024,2238.26,UPI,Pending
ORD01820,CUST00164,3/1/2025,404.14,UPI,Shipped
ORD01821,CUST00415,12/27/2024,3025.47,NetBanking,Pending
ORD01822,CUST00979,3/28/2025,11972.86,COD,Delivered
ORD01823,CUST00588,5/24/2024,6827.69,NetBanking,Pending
ORD01824,CUST00601,11/26/2024,3291.21,Card,Pending
ORD01825,CUST00589,1/18/2025,12611.91,NetBanking,Delivered
ORD01826,CUST00614,5/11/2024,13725.64,COD,Delivered
ORD01827,CUST00758,10/28/2024,9379.27,NetBanking,Cancelled
ORD01828,CUST00888,1/8/2024,4375.02,Card,Shipped
ORD01829,CUST00427,2/25/2025,11671.15,COD,Cancelled
ORD01830,CUST00131,4/20/2024,2150.46,Card,Cancelled
ORD01831,CUST00391,4/2/2025,1701.15,UPI,Shipped
ORD01832,CUST00562,1/2/2025,8868.71,UPI,Delivered
ORD01833,CUST00631,6/17/2024,4467.09,NetBanking,Shipped
ORD01834,CUST00017,5/8/2024,260.44,UPI,Shipped
ORD01835,CUST00462,12/16/2024,6666.67,Card,Shipped
ORD01836,CUST00198,4/10/2025,12285.98,NetBanking,Pending
ORD01837,CUST00177,6/2/2024,12435.32,Card,Cancelled
ORD01838,CUST00733,7/22/2024,7024.21,COD,Delivered
ORD01839,CUST00526,3/9/2025,11660.4,Card,Shipped
ORD01840,CUST00462,4/14/2024,7982.72,COD,Delivered
ORD01841,CUST00674,6/17/2024,8290.5,NetBanking,Delivered
ORD01842,CUST00535,7/17/2024,932.24,UPI,Shipped
ORD01843,CUST00741,12/23/2024,3980.18,NetBanking,Pending
ORD01844,CUST00479,6/5/2024,11264.38,NetBanking,Pending
ORD01845,CUST00772,1/13/2024,10255.83,COD,Pending
ORD01846,CUST00276,11/15/2024,8597.06,COD,Shipped
ORD01847,CUST00695,3/28/2025,8215.33,UPI,Pending
ORD01848,CUST00207,3/19/2024,6045.58,UPI,Delivered
ORD01849,CUST00557,3/5/2025,1078.44,Card,Pending
ORD01850,CUST00394,2/12/2024,6131.49,UPI,Delivered
ORD01851,CUST00331,8/2/2024,5473.66,NetBanking,Pending
ORD01852,CUST00519,12/16/2024,6214.01,NetBanking,Cancelled
ORD01853,CUST00682,9/12/2024,13916.48,COD,Cancelled
ORD01854,CUST00770,6/16/2024,11428.01,COD,Cancelled
ORD01855,CUST00990,2/21/2024,2747.79,COD,Pending
ORD01856,CUST00006,5/20/2024,301.36,COD,Pending
ORD01857,CUST00534,6/21/2024,11846.07,COD,Shipped
ORD01858,CUST00700,5/29/2024,1050.85,UPI,Pending
ORD01859,CUST00362,7/14/2024,3979.24,UPI,Shipped
ORD01860,CUST00914,3/30/2024,3998.98,NetBanking,Cancelled
ORD01861,CUST00789,2/5/2024,7781.92,COD,Cancelled
ORD01862,CUST00148,1/3/2024,12064.8,Card,Shipped
ORD01863,CUST00417,9/27/2024,13699.81,COD,Delivered
ORD01864,CUST00795,9/19/2024,3654.04,NetBanking,Pending
ORD01865,CUST00043,3/20/2025,11006.81,COD,Delivered
ORD01866,CUST00252,5/5/2025,6241.5,UPI,Cancelled
ORD01867,CUST00960,2/18/2025,4163.16,Card,Pending
ORD01868,CUST00178,2/1/2024,869.29,NetBanking,Delivered
ORD01869,CUST00627,10/3/2024,11091.09,Card,Delivered
ORD01870,CUST00796,11/7/2024,13115.22,UPI,Shipped
ORD01871,CUST00685,5/17/2024,8760.12,COD,Delivered
ORD01872,CUST00622,2/25/2025,7239.33,COD,Pending
ORD01873,CUST00861,3/10/2024,4236.49,Card,Cancelled
ORD01874,CUST00215,2/26/2024,5566.16,NetBanking,Delivered
ORD01875,CUST00326,6/1/2024,13732.72,COD,Shipped
ORD01876,CUST00772,6/30/2024,11597.1,COD,Cancelled
ORD01877,CUST00998,9/17/2024,14758.31,NetBanking,Pending
ORD01878,CUST00655,11/23/2024,14309.44,NetBanking,Delivered
ORD01879,CUST00345,3/30/2025,8850.27,UPI,Shipped
ORD01880,CUST00443,12/2/2024,216.13,NetBanking,Cancelled
ORD01881,CUST00667,3/16/2024,13104.31,UPI,Shipped
ORD01882,CUST00093,5/11/2025,5435.86,Card,Cancelled
ORD01883,CUST00288,9/23/2024,9235.76,UPI,Pending
ORD01884,CUST00865,4/7/2024,4820.25,UPI,Shipped
ORD01885,CUST00578,2/19/2024,11212.71,COD,Pending
ORD01886,CUST00546,5/26/2024,6664.44,NetBanking,Cancelled
ORD01887,CUST00972,5/4/2025,1882.45,NetBanking,Delivered
ORD01888,CUST00921,9/19/2024,6495.34,NetBanking,Shipped
ORD01889,CUST00004,4/13/2024,7612.73,Card,Cancelled
ORD01890,CUST00657,2/6/2025,7896,COD,Cancelled
ORD01891,CUST00585,2/24/2024,6420.21,Card,Shipped
ORD01892,CUST00995,3/27/2024,13394.2,UPI,Cancelled
ORD01893,CUST00562,1/4/2025,5775.81,NetBanking,Shipped
ORD01894,CUST00431,8/23/2024,12611.93,NetBanking,Shipped
ORD01895,CUST00870,2/20/2024,14736.41,Card,Delivered
ORD01896,CUST00413,7/15/2024,2890.54,Card,Delivered
ORD01897,CUST00095,7/9/2024,14729.54,UPI,Pending
ORD01898,CUST00513,10/3/2024,2413.8,Card,Pending
ORD01899,CUST00371,2/25/2025,12361.19,NetBanking,Pending
ORD01900,CUST00562,11/14/2024,8987.05,UPI,Pending
ORD01901,CUST00157,4/20/2025,3686.39,COD,Shipped
ORD01902,CUST00670,4/22/2024,7211.61,COD,Delivered
ORD01903,CUST00906,3/18/2024,2734.69,COD,Delivered
ORD01904,CUST00726,1/19/2024,12225.76,COD,Cancelled
ORD01905,CUST00280,2/25/2025,13119.23,COD,Delivered
ORD01906,CUST00910,12/9/2024,8372.4,COD,Pending
ORD01907,CUST00331,10/24/2024,10608.35,UPI,Pending
ORD01908,CUST00509,8/3/2024,4846.61,Card,Delivered
ORD01909,CUST00900,2/23/2025,13000.44,UPI,Pending
ORD01910,CUST00216,1/18/2025,7048.98,UPI,Cancelled
ORD01911,CUST00067,10/25/2024,4942,UPI,Cancelled
ORD01912,CUST00523,7/8/2024,14815.98,COD,Shipped
ORD01913,CUST00847,7/26/2024,8338.94,NetBanking,Pending
ORD01914,CUST00211,7/29/2024,7971.83,Card,Delivered
ORD01915,CUST00491,12/16/2024,6099.19,Card,Shipped
ORD01916,CUST00409,10/30/2024,10282.63,Card,Delivered
ORD01917,CUST00647,4/24/2025,11838,UPI,Cancelled
ORD01918,CUST00091,1/12/2025,8298.29,UPI,Shipped
ORD01919,CUST00581,4/20/2025,9776.2,COD,Delivered
ORD01920,CUST00786,9/18/2024,2180.46,UPI,Pending
ORD01921,CUST00938,1/4/2024,6146.49,UPI,Delivered
ORD01922,CUST00466,1/25/2024,8874.82,Card,Pending
ORD01923,CUST00151,2/3/2025,8924.3,Card,Pending
ORD01924,CUST00622,10/10/2024,13423.29,Card,Cancelled
ORD01925,CUST00724,4/8/2025,7768.44,COD,Cancelled
ORD01926,CUST00924,11/7/2024,6921,UPI,Shipped
ORD01927,CUST00324,12/31/2024,854.73,COD,Cancelled
ORD01928,CUST00524,8/23/2024,9289.91,Card,Shipped
ORD01929,CUST00363,6/22/2024,10419.65,UPI,Pending
ORD01930,CUST00242,8/14/2024,11148.08,Card,Shipped
ORD01931,CUST00331,2/21/2024,5073.19,UPI,Cancelled
ORD01932,CUST00693,8/13/2024,13595.01,NetBanking,Shipped
ORD01933,CUST00096,11/25/2024,7967,Card,Cancelled
ORD01934,CUST00842,12/29/2024,4346.32,UPI,Cancelled
ORD01935,CUST00522,7/7/2024,8153.44,UPI,Delivered
ORD01936,CUST00066,6/8/2024,4766.82,COD,Delivered
ORD01937,CUST00942,11/29/2024,10583.1,Card,Shipped
ORD01938,CUST00664,5/15/2025,11940.53,UPI,Shipped
ORD01939,CUST00549,7/24/2024,14859.11,UPI,Cancelled
ORD01940,CUST00769,11/17/2024,6024.45,UPI,Delivered
ORD01941,CUST00655,10/25/2024,6681.08,COD,Pending
ORD01942,CUST00055,10/2/2024,13130.91,Card,Shipped
ORD01943,CUST00997,11/23/2024,4677.79,NetBanking,Cancelled
ORD01944,CUST00525,8/6/2024,4520.45,COD,Pending
ORD01945,CUST00830,10/21/2024,4542.98,Card,Pending
ORD01946,CUST00877,1/6/2025,6523.64,NetBanking,Delivered
ORD01947,CUST00443,2/3/2024,3425.35,Card,Cancelled
ORD01948,CUST00224,9/2/2024,11424.06,Card,Delivered
ORD01949,CUST00597,6/30/2024,14184.57,NetBanking,Pending
ORD01950,CUST00940,12/27/2024,2570.47,Card,Pending
ORD01951,CUST00107,4/29/2024,7733.85,Card,Delivered
ORD01952,CUST00579,3/10/2024,12482.02,NetBanking,Cancelled
ORD01953,CUST00723,4/16/2025,9995.95,Card,Shipped
ORD01954,CUST00180,4/26/2024,4641.27,COD,Cancelled
ORD01955,CUST00564,2/5/2024,5335,NetBanking,Shipped
ORD01956,CUST00444,10/25/2024,11997.04,UPI,Pending
ORD01957,CUST00213,4/11/2025,4638.39,COD,Pending
ORD01958,CUST00261,12/29/2024,5953.89,UPI,Cancelled
ORD01959,CUST00648,1/15/2025,8670.07,NetBanking,Delivered
ORD01960,CUST00643,4/16/2025,7408.43,UPI,Pending
ORD01961,CUST00453,2/2/2024,243.47,UPI,Shipped
ORD01962,CUST00170,4/4/2025,1338.45,UPI,Pending
ORD01963,CUST00566,10/16/2024,1262.72,NetBanking,Delivered
ORD01964,CUST00807,4/26/2024,11495.48,NetBanking,Pending
ORD01965,CUST00716,7/16/2024,13362.52,NetBanking,Shipped
ORD01966,CUST00499,12/21/2024,12200.75,NetBanking,Delivered
ORD01967,CUST00132,1/11/2025,8954.07,Card,Pending
ORD01968,CUST00681,5/27/2024,9626.44,Card,Shipped
ORD01969,CUST00957,1/29/2025,624.34,Card,Pending
ORD01970,CUST00874,5/7/2025,9589.34,UPI,Pending
ORD01971,CUST00839,12/28/2024,2970.04,Card,Pending
ORD01972,CUST00464,7/12/2024,7003.26,COD,Pending
ORD01973,CUST00446,7/30/2024,14297.69,UPI,Shipped
ORD01974,CUST00765,6/9/2024,6033.51,Card,Cancelled
ORD01975,CUST00831,3/30/2024,14261.92,UPI,Shipped
ORD01976,CUST00870,2/10/2025,12606.65,Card,Shipped
ORD01977,CUST00629,5/17/2024,8908.07,UPI,Delivered
ORD01978,CUST00214,4/5/2025,10932.93,COD,Shipped
ORD01979,CUST00432,4/1/2025,7425.69,UPI,Delivered
ORD01980,CUST00885,8/30/2024,6894.62,UPI,Cancelled
ORD01981,CUST00651,3/17/2024,4705.55,COD,Delivered
ORD01982,CUST00301,5/20/2024,598.15,Card,Shipped
ORD01983,CUST00796,5/5/2024,12903.53,UPI,Pending
ORD01984,CUST00872,6/4/2024,6052.7,NetBanking,Pending
ORD01985,CUST00315,3/27/2025,2273.66,COD,Delivered
ORD01986,CUST00563,2/26/2024,5879.21,COD,Shipped
ORD01987,CUST00224,7/13/2024,1183.97,NetBanking,Pending
ORD01988,CUST00628,4/2/2025,9578.84,NetBanking,Shipped
ORD01989,CUST00188,11/23/2024,7392.32,COD,Pending
ORD01990,CUST00902,3/11/2025,4088.08,UPI,Cancelled
ORD01991,CUST00047,11/7/2024,589.62,NetBanking,Delivered
ORD01992,CUST00184,5/13/2025,11195.68,NetBanking,Cancelled
ORD01993,CUST00747,2/2/2024,10885.69,Card,Cancelled
ORD01994,CUST00296,2/3/2025,13895.32,NetBanking,Pending
ORD01995,CUST00145,9/3/2024,2872.41,Card,Delivered
ORD01996,CUST00481,6/2/2024,11374.42,Card,Delivered
ORD01997,CUST00948,5/9/2024,5545.72,COD,Delivered
ORD01998,CUST00704,7/10/2024,7336.59,Card,Shipped
ORD01999,CUST00096,7/2/2024,1893.96,COD,Pending
ORD02000,CUST00844,10/28/2024,4888.86,UPI,Shipped
ORD02001,CUST00705,3/23/2025,319.54,UPI,Cancelled
ORD02002,CUST00250,5/26/2024,6724.02,COD,Pending
ORD02003,CUST00527,2/18/2024,3075.92,NetBanking,Delivered
ORD02004,CUST00103,1/31/2024,10901.68,COD,Shipped
ORD02005,CUST00320,2/13/2024,3250.73,UPI,Cancelled
ORD02006,CUST00961,2/17/2024,1160.86,Card,Pending
ORD02007,CUST00548,9/3/2024,6305.78,UPI,Delivered
ORD02008,CUST00818,9/5/2024,8317.85,COD,Delivered
ORD02009,CUST00630,1/24/2024,10136.54,NetBanking,Pending
ORD02010,CUST00132,6/3/2024,5093.89,COD,Delivered
ORD02011,CUST00658,7/27/2024,8309.16,UPI,Shipped
ORD02012,CUST00439,3/18/2025,12365.13,Card,Shipped
ORD02013,CUST00829,4/18/2025,10877.99,NetBanking,Cancelled
ORD02014,CUST00724,4/1/2024,11197.08,UPI,Pending
ORD02015,CUST00055,1/18/2024,2933.36,UPI,Shipped
ORD02016,CUST00515,5/5/2025,6589.71,NetBanking,Cancelled
ORD02017,CUST00713,4/10/2025,479.23,NetBanking,Shipped
ORD02018,CUST00296,3/27/2024,11165.33,UPI,Cancelled
ORD02019,CUST00158,2/7/2025,604.17,COD,Pending
ORD02020,CUST00106,1/19/2024,4862.55,NetBanking,Cancelled
ORD02021,CUST00603,1/13/2025,8582.57,UPI,Delivered
ORD02022,CUST00412,3/16/2025,6481.34,Card,Shipped
ORD02023,CUST00758,3/10/2025,7885.74,Card,Shipped
ORD02024,CUST00140,3/12/2025,4312.56,UPI,Cancelled
ORD02025,CUST00890,4/28/2024,14664.26,Card,Shipped
ORD02026,CUST00181,12/6/2024,898.43,COD,Shipped
ORD02027,CUST00029,12/1/2024,1614.97,UPI,Delivered
ORD02028,CUST00777,2/28/2024,3274.47,NetBanking,Shipped
ORD02029,CUST00590,4/24/2024,1695.23,Card,Shipped
ORD02030,CUST00186,7/5/2024,7851.94,UPI,Shipped
ORD02031,CUST00250,3/22/2024,11047.47,NetBanking,Cancelled
ORD02032,CUST00881,3/2/2025,6293.46,NetBanking,Cancelled
ORD02033,CUST00222,3/5/2024,4703.33,COD,Cancelled
ORD02034,CUST00824,1/30/2025,4609.65,COD,Pending
ORD02035,CUST00006,2/10/2025,2764.29,COD,Pending
ORD02036,CUST00275,4/8/2024,2773.24,UPI,Cancelled
ORD02037,CUST00448,5/6/2024,11305.24,COD,Shipped
ORD02038,CUST00678,5/21/2024,8678.16,NetBanking,Shipped
ORD02039,CUST00484,11/14/2024,12489.59,NetBanking,Pending
ORD02040,CUST00793,3/3/2025,1563.3,Card,Pending
ORD02041,CUST00414,5/6/2025,5689.71,NetBanking,Delivered
ORD02042,CUST00500,5/16/2024,11507.65,COD,Shipped
ORD02043,CUST00807,7/8/2024,3845.07,UPI,Pending
ORD02044,CUST00308,8/1/2024,1757.35,COD,Cancelled
ORD02045,CUST00256,4/22/2024,6183.93,NetBanking,Shipped
ORD02046,CUST00900,5/27/2024,6734.67,NetBanking,Pending
ORD02047,CUST00737,8/10/2024,4903.15,Card,Cancelled
ORD02048,CUST00575,4/16/2024,8792.29,COD,Shipped
ORD02049,CUST00650,1/25/2025,13234.3,NetBanking,Shipped
ORD02050,CUST00297,3/19/2024,3197.71,COD,Pending
ORD02051,CUST00607,4/17/2025,2430.87,UPI,Cancelled
ORD02052,CUST00084,8/31/2024,2518.48,COD,Pending
ORD02053,CUST00202,5/1/2025,11225.21,Card,Cancelled
ORD02054,CUST00218,5/18/2024,14114.76,NetBanking,Pending
ORD02055,CUST00337,10/7/2024,7603.13,COD,Shipped
ORD02056,CUST00592,12/8/2024,586.79,UPI,Pending
ORD02057,CUST00552,1/9/2025,2377.3,COD,Shipped
ORD02058,CUST00624,11/11/2024,11330.35,UPI,Pending
ORD02059,CUST00363,2/19/2024,12934.57,UPI,Delivered
ORD02060,CUST00919,7/20/2024,11767.85,Card,Pending
ORD02061,CUST00030,2/15/2024,3823.68,COD,Shipped
ORD02062,CUST00134,8/30/2024,5817.19,COD,Shipped
ORD02063,CUST00851,1/31/2025,11644.35,UPI,Cancelled
ORD02064,CUST00629,10/1/2024,6469.46,COD,Delivered
ORD02065,CUST00918,10/11/2024,2271.08,NetBanking,Shipped
ORD02066,CUST00135,3/1/2024,14692.34,NetBanking,Pending
ORD02067,CUST00202,2/5/2025,8963.87,NetBanking,Pending
ORD02068,CUST00189,7/22/2024,4985.06,NetBanking,Shipped
ORD02069,CUST00593,1/18/2025,14874.13,Card,Pending
ORD02070,CUST00720,3/7/2025,4588.76,COD,Shipped
ORD02071,CUST00836,4/14/2025,3030.57,UPI,Pending
ORD02072,CUST00767,3/12/2024,13975.07,NetBanking,Delivered
ORD02073,CUST00405,4/20/2024,12345.76,NetBanking,Delivered
ORD02074,CUST00113,12/7/2024,2886.53,COD,Pending
ORD02075,CUST00300,1/2/2025,8593.92,UPI,Pending
ORD02076,CUST00689,8/19/2024,578.51,Card,Shipped
ORD02077,CUST00226,6/17/2024,9081.22,UPI,Delivered
ORD02078,CUST00399,5/4/2025,1790.06,NetBanking,Delivered
ORD02079,CUST00411,2/28/2024,11685.85,Card,Cancelled
ORD02080,CUST00600,1/9/2025,701.53,UPI,Shipped
ORD02081,CUST00238,4/25/2024,4228.2,NetBanking,Shipped
ORD02082,CUST00940,8/31/2024,10055.08,COD,Shipped
ORD02083,CUST00703,5/4/2025,4249.75,UPI,Cancelled
ORD02084,CUST00846,1/24/2024,8537.61,NetBanking,Delivered
ORD02085,CUST00064,1/7/2025,14334.2,COD,Pending
ORD02086,CUST00222,11/3/2024,757.92,NetBanking,Delivered
ORD02087,CUST00411,2/23/2024,354.24,NetBanking,Delivered
ORD02088,CUST00026,1/30/2025,903.9,NetBanking,Shipped
ORD02089,CUST00934,4/2/2025,772.06,COD,Pending
ORD02090,CUST00122,4/19/2025,6182.14,UPI,Delivered
ORD02091,CUST00636,3/24/2025,9112.88,Card,Cancelled
ORD02092,CUST00125,3/14/2024,14330.64,Card,Cancelled
ORD02093,CUST00917,9/13/2024,11192.23,NetBanking,Cancelled
ORD02094,CUST00268,10/10/2024,13344.7,UPI,Shipped
ORD02095,CUST00203,6/12/2024,1305.37,UPI,Pending
ORD02096,CUST00688,10/16/2024,1623.29,UPI,Shipped
ORD02097,CUST00557,4/16/2025,5855.93,UPI,Cancelled
ORD02098,CUST00493,2/7/2025,1663.45,UPI,Pending
ORD02099,CUST00209,2/29/2024,13178.19,UPI,Cancelled
ORD02100,CUST00868,4/19/2025,12290.32,Card,Cancelled
ORD02101,CUST00476,4/8/2025,10101.3,UPI,Shipped
ORD02102,CUST00956,5/11/2025,7907.17,UPI,Cancelled
ORD02103,CUST00123,2/17/2024,2161.3,COD,Cancelled
ORD02104,CUST00140,6/11/2024,13647.86,UPI,Shipped
ORD02105,CUST00447,5/11/2025,7251.27,NetBanking,Pending
ORD02106,CUST00302,7/13/2024,12930.76,Card,Delivered
ORD02107,CUST00568,5/2/2024,11871.55,UPI,Delivered
ORD02108,CUST00653,4/15/2025,7589.89,UPI,Pending
ORD02109,CUST00802,3/3/2024,8748.41,NetBanking,Shipped
ORD02110,CUST00657,5/7/2024,2445.93,NetBanking,Cancelled
ORD02111,CUST00050,3/25/2025,1326.8,Card,Delivered
ORD02112,CUST00344,4/16/2025,3423.37,UPI,Pending
ORD02113,CUST00680,11/1/2024,6613.47,Card,Pending
ORD02114,CUST00417,2/4/2024,8308.44,NetBanking,Cancelled
ORD02115,CUST00331,3/26/2024,2797.41,COD,Cancelled
ORD02116,CUST00077,4/2/2025,229.85,NetBanking,Cancelled
ORD02117,CUST00738,9/6/2024,12169.15,COD,Cancelled
ORD02118,CUST00539,9/23/2024,13740.54,NetBanking,Pending
ORD02119,CUST00620,7/18/2024,4378.43,Card,Delivered
ORD02120,CUST00379,1/16/2024,1768.31,NetBanking,Pending
ORD02121,CUST00357,8/19/2024,14098.39,COD,Shipped
ORD02122,CUST00373,7/6/2024,11718.79,NetBanking,Shipped
ORD02123,CUST00189,3/12/2025,6834.17,UPI,Pending
ORD02124,CUST00400,3/20/2024,6182.27,NetBanking,Pending
ORD02125,CUST00027,7/6/2024,4033.06,UPI,Pending
ORD02126,CUST00680,1/12/2024,833.93,NetBanking,Cancelled
ORD02127,CUST00859,2/26/2024,3492.74,COD,Pending
ORD02128,CUST00185,3/16/2025,4058.02,COD,Delivered
ORD02129,CUST00006,3/24/2025,250.77,COD,Pending
ORD02130,CUST00614,10/4/2024,1073.12,NetBanking,Delivered
ORD02131,CUST00139,9/5/2024,8137.22,UPI,Pending
ORD02132,CUST00173,7/27/2024,3044.17,UPI,Delivered
ORD02133,CUST00892,6/28/2024,11932.61,Card,Shipped
ORD02134,CUST00147,4/27/2024,8372.77,Card,Shipped
ORD02135,CUST00159,10/11/2024,4401.85,NetBanking,Pending
ORD02136,CUST00888,6/16/2024,2502.06,Card,Cancelled
ORD02137,CUST00606,11/6/2024,9013.33,UPI,Delivered
ORD02138,CUST00095,5/19/2024,777.4,NetBanking,Pending
ORD02139,CUST00822,11/5/2024,1914.17,NetBanking,Delivered
ORD02140,CUST00119,12/26/2024,14052.99,NetBanking,Delivered
ORD02141,CUST00874,2/26/2025,14196.25,NetBanking,Shipped
ORD02142,CUST00991,6/12/2024,11740.58,COD,Shipped
ORD02143,CUST00785,3/25/2024,9718.3,Card,Delivered
ORD02144,CUST00952,2/9/2025,6662.87,UPI,Cancelled
ORD02145,CUST00502,5/4/2025,8436.56,UPI,Pending
ORD02146,CUST00247,9/25/2024,632.32,UPI,Delivered
ORD02147,CUST00917,1/13/2024,4641.51,NetBanking,Cancelled
ORD02148,CUST00309,5/4/2024,1342.58,NetBanking,Shipped
ORD02149,CUST00781,2/6/2025,7755.97,UPI,Cancelled
ORD02150,CUST00481,5/27/2024,8423.92,COD,Cancelled
ORD02151,CUST00905,1/10/2025,9506.36,UPI,Shipped
ORD02152,CUST00657,2/13/2024,7747.1,Card,Delivered
ORD02153,CUST00228,7/16/2024,11388.93,COD,Delivered
ORD02154,CUST00233,12/10/2024,7076.96,UPI,Shipped
ORD02155,CUST00228,2/19/2024,12393.83,COD,Cancelled
ORD02156,CUST00940,4/21/2025,13577.12,COD,Delivered
ORD02157,CUST00834,6/12/2024,5112.62,NetBanking,Cancelled
ORD02158,CUST00505,4/13/2025,11806.87,NetBanking,Delivered
ORD02159,CUST00778,10/5/2024,4318.21,UPI,Pending
ORD02160,CUST00988,11/4/2024,6562.9,UPI,Cancelled
ORD02161,CUST00916,7/2/2024,2467.75,COD,Delivered
ORD02162,CUST00069,7/12/2024,10972.74,COD,Cancelled
ORD02163,CUST00471,8/3/2024,3760.77,COD,Cancelled
ORD02164,CUST00455,7/9/2024,13426.46,UPI,Pending
ORD02165,CUST00148,6/11/2024,6773.56,UPI,Shipped
ORD02166,CUST00680,8/2/2024,8490.05,NetBanking,Delivered
ORD02167,CUST00367,3/12/2024,3455.29,UPI,Cancelled
ORD02168,CUST00491,4/9/2024,10898.71,Card,Pending
ORD02169,CUST00276,5/31/2024,4659.15,COD,Shipped
ORD02170,CUST00822,6/14/2024,13171.3,UPI,Cancelled
ORD02171,CUST00189,12/11/2024,3757.75,Card,Cancelled
ORD02172,CUST00218,3/30/2024,4661.93,UPI,Delivered
ORD02173,CUST00082,5/20/2024,6924.66,Card,Cancelled
ORD02174,CUST00738,2/26/2024,5098.71,Card,Pending
ORD02175,CUST00111,11/3/2024,5048.9,NetBanking,Cancelled
ORD02176,CUST00289,8/22/2024,12718.5,UPI,Pending
ORD02177,CUST00855,3/30/2024,7585.02,COD,Delivered
ORD02178,CUST00285,3/24/2024,2635.22,COD,Delivered
ORD02179,CUST00782,5/2/2024,3350.84,Card,Cancelled
ORD02180,CUST00615,12/11/2024,4508.53,Card,Shipped
ORD02181,CUST00085,3/10/2025,4967.95,Card,Pending
ORD02182,CUST00048,4/25/2024,4337.11,Card,Pending
ORD02183,CUST00189,7/19/2024,13591.35,UPI,Pending
ORD02184,CUST00102,3/21/2024,7383.52,Card,Shipped
ORD02185,CUST00135,2/28/2025,591.35,UPI,Pending
ORD02186,CUST00555,8/25/2024,13928.65,Card,Delivered
ORD02187,CUST00701,7/2/2024,3762.92,Card,Pending
ORD02188,CUST00619,7/14/2024,3306.76,UPI,Pending
ORD02189,CUST00130,4/23/2024,12327.22,UPI,Shipped
ORD02190,CUST00860,3/3/2024,3613.3,Card,Delivered
ORD02191,CUST00545,6/3/2024,11747.48,NetBanking,Delivered
ORD02192,CUST00155,4/4/2024,867.23,UPI,Delivered
ORD02193,CUST00591,2/24/2024,3742.52,Card,Shipped
ORD02194,CUST00634,7/10/2024,3540.26,COD,Delivered
ORD02195,CUST00064,11/5/2024,230.51,UPI,Shipped
ORD02196,CUST00596,12/28/2024,9790.86,COD,Delivered
ORD02197,CUST00150,7/11/2024,2926.25,NetBanking,Pending
ORD02198,CUST00736,1/1/2025,10219.83,COD,Delivered
ORD02199,CUST00758,9/20/2024,5653.3,NetBanking,Delivered
ORD02200,CUST00461,1/7/2025,8774.63,Card,Shipped
ORD02201,CUST00293,1/1/2024,11950.04,NetBanking,Shipped
ORD02202,CUST00761,3/10/2024,3668.13,COD,Pending
ORD02203,CUST00939,8/26/2024,11771.23,UPI,Cancelled
ORD02204,CUST00386,6/18/2024,4486.45,NetBanking,Shipped
ORD02205,CUST00014,8/15/2024,11779.1,UPI,Cancelled
ORD02206,CUST00776,4/28/2025,5420.61,UPI,Delivered
ORD02207,CUST00463,12/9/2024,14615.72,COD,Pending
ORD02208,CUST00439,12/30/2024,5231.72,NetBanking,Shipped
ORD02209,CUST00483,12/3/2024,9791.92,COD,Delivered
ORD02210,CUST00028,3/5/2024,11799.55,Card,Delivered
ORD02211,CUST00718,2/24/2025,9790.44,COD,Delivered
ORD02212,CUST00679,7/27/2024,1297.85,UPI,Shipped
ORD02213,CUST00252,3/8/2024,1224.86,UPI,Pending
ORD02214,CUST00642,9/1/2024,8297,COD,Delivered
ORD02215,CUST00645,7/16/2024,12423.4,COD,Shipped
ORD02216,CUST00252,6/20/2024,2205.15,Card,Pending
ORD02217,CUST00553,3/4/2024,5464.89,Card,Delivered
ORD02218,CUST00142,3/20/2025,5802.55,NetBanking,Cancelled
ORD02219,CUST00226,7/31/2024,13691.9,UPI,Delivered
ORD02220,CUST00867,5/26/2024,2452.88,NetBanking,Shipped
ORD02221,CUST00042,1/12/2024,627.99,Card,Pending
ORD02222,CUST00345,3/1/2025,11639.06,Card,Shipped
ORD02223,CUST00250,3/23/2025,10604.98,UPI,Shipped
ORD02224,CUST00266,3/14/2024,6672.84,COD,Pending
ORD02225,CUST00214,11/9/2024,2076.79,COD,Cancelled
ORD02226,CUST00503,2/22/2024,9954.84,Card,Pending
ORD02227,CUST00351,7/30/2024,8637.85,NetBanking,Shipped
ORD02228,CUST00537,4/15/2025,2264.02,UPI,Delivered
ORD02229,CUST00282,2/2/2025,10076.02,UPI,Pending
ORD02230,CUST00362,2/15/2025,2622.28,COD,Pending
ORD02231,CUST00189,5/29/2024,6580.02,Card,Cancelled
ORD02232,CUST00825,2/2/2024,2338.6,Card,Cancelled
ORD02233,CUST00966,6/10/2024,5312.31,Card,Pending
ORD02234,CUST00855,5/1/2025,5608.38,COD,Cancelled
ORD02235,CUST00770,4/21/2025,5911.36,COD,Pending
ORD02236,CUST00542,5/13/2024,6731.04,NetBanking,Pending
ORD02237,CUST00169,3/22/2024,4324.49,NetBanking,Cancelled
ORD02238,CUST00124,3/1/2025,520.87,COD,Shipped
ORD02239,CUST00006,6/10/2024,14386.89,Card,Pending
ORD02240,CUST00393,6/16/2024,8100.71,NetBanking,Delivered
ORD02241,CUST00839,3/14/2024,10148.08,COD,Shipped
ORD02242,CUST00459,1/19/2025,13162.08,COD,Shipped
ORD02243,CUST00968,11/1/2024,3624.94,NetBanking,Delivered
ORD02244,CUST00452,11/10/2024,8847.74,Card,Cancelled
ORD02245,CUST00899,12/16/2024,4185.51,Card,Delivered
ORD02246,CUST00590,3/8/2024,1831.66,COD,Cancelled
ORD02247,CUST00005,4/6/2025,2953.49,Card,Cancelled
ORD02248,CUST00506,4/2/2025,7029.74,UPI,Cancelled
ORD02249,CUST00354,4/11/2025,14592.49,COD,Shipped
ORD02250,CUST00120,7/10/2024,12987.48,NetBanking,Delivered
ORD02251,CUST00025,8/22/2024,3213.45,Card,Delivered
ORD02252,CUST00464,5/29/2024,8421.41,Card,Shipped
ORD02253,CUST00456,4/8/2024,9747.59,Card,Delivered
ORD02254,CUST00582,4/19/2025,10541.01,NetBanking,Cancelled
ORD02255,CUST00735,2/2/2024,13853.43,COD,Pending
ORD02256,CUST00748,1/27/2025,6789.95,COD,Shipped
ORD02257,CUST00646,7/27/2024,3451.7,Card,Pending
ORD02258,CUST00005,4/12/2024,1869.79,Card,Shipped
ORD02259,CUST00842,1/14/2024,14247.4,UPI,Cancelled
ORD02260,CUST00941,9/14/2024,4172.64,COD,Cancelled
ORD02261,CUST00988,1/30/2025,13071.23,Card,Shipped
ORD02262,CUST00218,1/20/2025,6458.32,COD,Pending
ORD02263,CUST00970,1/12/2024,11891.76,Card,Pending
ORD02264,CUST00742,9/12/2024,11152.98,UPI,Shipped
ORD02265,CUST00009,7/14/2024,12806.96,NetBanking,Cancelled
ORD02266,CUST00446,4/1/2025,13175.28,Card,Delivered
ORD02267,CUST00380,10/14/2024,13774.96,NetBanking,Delivered
ORD02268,CUST00888,2/28/2024,2979.4,NetBanking,Cancelled
ORD02269,CUST00888,1/25/2025,1585.01,Card,Cancelled
ORD02270,CUST00845,1/26/2024,9865.64,UPI,Delivered
ORD02271,CUST00921,2/25/2024,5110.67,COD,Delivered
ORD02272,CUST00354,8/31/2024,11848.83,UPI,Delivered
ORD02273,CUST00975,4/20/2024,7954.06,UPI,Cancelled
ORD02274,CUST00654,5/10/2024,1208.44,NetBanking,Delivered
ORD02275,CUST00248,5/19/2024,1145.34,COD,Pending
ORD02276,CUST00522,4/2/2025,5230.97,Card,Cancelled
ORD02277,CUST00535,4/7/2024,9587.72,UPI,Cancelled
ORD02278,CUST00662,9/20/2024,3415.17,NetBanking,Pending
ORD02279,CUST00361,6/12/2024,7684.15,Card,Delivered
ORD02280,CUST00655,11/15/2024,377.93,COD,Cancelled
ORD02281,CUST00289,7/14/2024,6821.2,COD,Pending
ORD02282,CUST00269,10/8/2024,734.16,UPI,Shipped
ORD02283,CUST00474,3/30/2025,11896.59,UPI,Pending
ORD02284,CUST00621,4/4/2025,8001.31,Card,Pending
ORD02285,CUST00106,12/25/2024,6651.79,UPI,Cancelled
ORD02286,CUST00951,9/21/2024,5961.08,COD,Delivered
ORD02287,CUST00583,2/13/2024,8655.04,COD,Pending
ORD02288,CUST00594,7/1/2024,11090.48,Card,Shipped
ORD02289,CUST00424,3/22/2024,1171.96,UPI,Cancelled
ORD02290,CUST00029,3/18/2025,5126.02,Card,Cancelled
ORD02291,CUST00262,4/7/2024,5476.75,UPI,Cancelled
ORD02292,CUST00336,8/4/2024,6708.03,Card,Cancelled
ORD02293,CUST00374,5/6/2024,14287.46,Card,Shipped
ORD02294,CUST00164,5/24/2024,5940.87,Card,Delivered
ORD02295,CUST00928,8/27/2024,11696.3,COD,Cancelled
ORD02296,CUST00045,10/13/2024,1184.73,NetBanking,Cancelled
ORD02297,CUST00436,4/20/2025,6530.8,COD,Shipped
ORD02298,CUST00835,1/3/2024,13149.59,Card,Delivered
ORD02299,CUST00808,3/18/2024,7828.49,Card,Shipped
ORD02300,CUST00846,4/6/2025,7037.98,COD,Pending
ORD02301,CUST00607,8/8/2024,8490.6,Card,Cancelled
ORD02302,CUST00072,6/11/2024,9641.98,UPI,Shipped
ORD02303,CUST00129,6/12/2024,13146.86,NetBanking,Cancelled
ORD02304,CUST00110,8/6/2024,14530.56,UPI,Pending
ORD02305,CUST00196,2/22/2025,14132.38,UPI,Pending
ORD02306,CUST00908,3/5/2024,10886.49,UPI,Pending
ORD02307,CUST00849,1/26/2025,3511.65,Card,Pending
ORD02308,CUST00487,2/10/2025,7143.31,UPI,Delivered
ORD02309,CUST00779,3/25/2025,7618.69,Card,Cancelled
ORD02310,CUST00710,3/6/2024,11040.82,COD,Shipped
ORD02311,CUST00799,1/1/2024,9117.58,UPI,Pending
ORD02312,CUST00085,4/9/2025,2367.12,UPI,Shipped
ORD02313,CUST00879,1/1/2025,4324.14,Card,Cancelled
ORD02314,CUST00298,12/11/2024,7435.13,UPI,Cancelled
ORD02315,CUST00675,1/13/2025,7354.74,COD,Pending
ORD02316,CUST00776,2/18/2024,9361.84,COD,Delivered
ORD02317,CUST00594,12/13/2024,8821.95,COD,Delivered
ORD02318,CUST00374,7/11/2024,10704.69,COD,Cancelled
ORD02319,CUST00409,1/30/2025,6159.01,COD,Pending
ORD02320,CUST00042,5/31/2024,9187.38,COD,Shipped
ORD02321,CUST00295,4/9/2024,11728.88,UPI,Delivered
ORD02322,CUST00731,11/10/2024,5626.35,Card,Cancelled
ORD02323,CUST00142,4/28/2025,14798.92,COD,Cancelled
ORD02324,CUST00800,4/10/2024,6991.62,Card,Shipped
ORD02325,CUST00858,3/6/2024,1506,UPI,Cancelled
ORD02326,CUST00639,5/4/2024,10610.62,COD,Delivered
ORD02327,CUST00710,7/4/2024,4410.81,Card,Pending
ORD02328,CUST00781,1/26/2024,1887.46,COD,Delivered
ORD02329,CUST00930,2/12/2024,14181.33,UPI,Delivered
ORD02330,CUST00071,1/23/2024,6075.09,Card,Pending
ORD02331,CUST00032,1/5/2024,7658.01,Card,Pending
ORD02332,CUST00574,6/27/2024,8662.94,Card,Cancelled
ORD02333,CUST00480,3/8/2025,13664.08,COD,Shipped
ORD02334,CUST00327,4/22/2024,4477.53,Card,Cancelled
ORD02335,CUST00916,9/8/2024,1521.03,Card,Delivered
ORD02336,CUST00585,5/25/2024,6163.21,UPI,Cancelled
ORD02337,CUST00249,7/15/2024,14560.43,COD,Pending
ORD02338,CUST00291,3/12/2025,10245.92,Card,Shipped
ORD02339,CUST00898,1/12/2024,3273.49,COD,Shipped
ORD02340,CUST00674,2/22/2025,6233.49,NetBanking,Shipped
ORD02341,CUST00531,2/2/2025,2301.41,COD,Cancelled
ORD02342,CUST00879,5/15/2024,13356.78,Card,Pending
ORD02343,CUST00132,12/8/2024,4493.45,UPI,Delivered
ORD02344,CUST00902,12/18/2024,11072.63,Card,Delivered
ORD02345,CUST00401,10/6/2024,10028.25,UPI,Cancelled
ORD02346,CUST00765,12/7/2024,5779.46,UPI,Cancelled
ORD02347,CUST00604,2/14/2024,556.5,NetBanking,Cancelled
ORD02348,CUST00844,4/16/2024,2319.97,UPI,Pending
ORD02349,CUST00668,5/3/2025,3203.19,UPI,Shipped
ORD02350,CUST00328,4/30/2024,13499.29,Card,Pending
ORD02351,CUST00730,11/2/2024,11486.88,Card,Delivered
ORD02352,CUST00929,2/15/2024,1061.54,UPI,Delivered
ORD02353,CUST00841,9/26/2024,9008.79,Card,Delivered
ORD02354,CUST00455,10/10/2024,7911.41,UPI,Cancelled
ORD02355,CUST00844,3/13/2025,8069.08,UPI,Shipped
ORD02356,CUST00660,9/26/2024,14739.48,Card,Cancelled
ORD02357,CUST00975,12/23/2024,4324.45,NetBanking,Shipped
ORD02358,CUST00700,11/15/2024,948.47,Card,Delivered
ORD02359,CUST00269,4/17/2025,10652.9,COD,Pending
ORD02360,CUST00091,8/5/2024,3788.13,COD,Pending
ORD02361,CUST00547,3/28/2024,13759.61,UPI,Delivered
ORD02362,CUST00141,3/12/2024,10180.81,COD,Delivered
ORD02363,CUST00874,6/27/2024,14765.3,NetBanking,Pending
ORD02364,CUST00715,4/2/2025,14724.61,COD,Delivered
ORD02365,CUST00356,3/22/2025,13688.14,Card,Delivered
ORD02366,CUST00884,2/28/2025,14968.41,UPI,Cancelled
ORD02367,CUST00562,12/14/2024,14213.79,Card,Delivered
ORD02368,CUST00628,3/17/2025,6603.23,Card,Pending
ORD02369,CUST00516,11/12/2024,4495.2,Card,Delivered
ORD02370,CUST00599,10/12/2024,14814.04,NetBanking,Shipped
ORD02371,CUST00433,12/7/2024,9174.78,COD,Pending
ORD02372,CUST00885,1/10/2025,5468.48,UPI,Delivered
ORD02373,CUST00832,7/26/2024,7390.16,COD,Delivered
ORD02374,CUST00508,9/17/2024,7285,Card,Shipped
ORD02375,CUST00950,7/28/2024,3695.58,NetBanking,Delivered
ORD02376,CUST00747,2/14/2024,9890.16,Card,Pending
ORD02377,CUST00412,4/18/2025,2744.08,Card,Shipped
ORD02378,CUST00443,8/5/2024,6637.72,UPI,Shipped
ORD02379,CUST00660,8/17/2024,6076.81,COD,Cancelled
ORD02380,CUST00192,3/27/2024,8344.39,UPI,Pending
ORD02381,CUST00595,5/29/2024,8839.23,NetBanking,Delivered
ORD02382,CUST00332,3/10/2024,5252.7,COD,Pending
ORD02383,CUST00156,8/26/2024,6620.74,COD,Pending
ORD02384,CUST00026,5/31/2024,8325.86,Card,Cancelled
ORD02385,CUST00760,5/6/2025,8076.58,NetBanking,Delivered
ORD02386,CUST00075,4/18/2025,13793.15,NetBanking,Delivered
ORD02387,CUST00452,1/30/2025,1818.53,COD,Cancelled
ORD02388,CUST00565,9/4/2024,8824.14,UPI,Shipped
ORD02389,CUST00981,10/29/2024,14245.27,NetBanking,Pending
ORD02390,CUST00821,6/28/2024,1573.63,COD,Delivered
ORD02391,CUST00117,11/27/2024,12654.4,NetBanking,Pending
ORD02392,CUST00058,1/21/2024,13120.95,NetBanking,Delivered
ORD02393,CUST00736,1/3/2024,9131.34,NetBanking,Cancelled
ORD02394,CUST00721,10/31/2024,9651.23,COD,Pending
ORD02395,CUST00655,6/27/2024,7053.22,UPI,Shipped
ORD02396,CUST00018,11/24/2024,11654.33,Card,Delivered
ORD02397,CUST00105,3/4/2024,11020.08,Card,Cancelled
ORD02398,CUST00014,11/20/2024,1144.36,COD,Delivered
ORD02399,CUST00282,9/9/2024,2729.55,UPI,Pending
ORD02400,CUST00659,12/4/2024,9090.76,Card,Shipped
ORD02401,CUST00233,3/23/2024,12794.53,COD,Shipped
ORD02402,CUST00122,2/24/2025,9583.02,UPI,Pending
ORD02403,CUST00908,3/27/2024,819.35,COD,Shipped
ORD02404,CUST00963,1/11/2024,2214.3,NetBanking,Shipped
ORD02405,CUST00395,4/8/2025,9837.88,COD,Shipped
ORD02406,CUST00719,5/12/2024,12112.97,COD,Cancelled
ORD02407,CUST00481,5/2/2024,14188.82,NetBanking,Delivered
ORD02408,CUST00829,12/23/2024,5034.15,UPI,Cancelled
ORD02409,CUST00401,6/5/2024,14201.35,NetBanking,Pending
ORD02410,CUST00796,12/13/2024,13643.09,NetBanking,Delivered
ORD02411,CUST00390,1/3/2025,8232.7,COD,Shipped
ORD02412,CUST00662,7/4/2024,4698.15,NetBanking,Shipped
ORD02413,CUST00339,5/10/2024,10923.39,NetBanking,Pending
ORD02414,CUST00440,12/1/2024,13465.59,COD,Cancelled
ORD02415,CUST00895,4/19/2025,7808.88,NetBanking,Shipped
ORD02416,CUST00304,2/6/2025,8511.15,Card,Cancelled
ORD02417,CUST00561,12/1/2024,14181.56,Card,Pending
ORD02418,CUST00507,3/2/2025,3394.35,COD,Cancelled
ORD02419,CUST00321,9/22/2024,3757,UPI,Pending
ORD02420,CUST00374,8/30/2024,7962.97,UPI,Cancelled
ORD02421,CUST00163,5/4/2024,11642.47,COD,Shipped
ORD02422,CUST00850,12/2/2024,9802.65,NetBanking,Shipped
ORD02423,CUST00999,3/22/2025,10986.24,NetBanking,Delivered
ORD02424,CUST00025,7/1/2024,11494.75,NetBanking,Cancelled
ORD02425,CUST00062,2/13/2025,5545.44,UPI,Shipped
ORD02426,CUST00276,9/29/2024,6133.22,Card,Delivered
ORD02427,CUST00469,1/27/2024,3116.69,Card,Shipped
ORD02428,CUST00047,10/17/2024,10514.76,COD,Shipped
ORD02429,CUST00757,4/13/2025,7452.33,Card,Cancelled
ORD02430,CUST00651,5/18/2024,11869.34,NetBanking,Delivered
ORD02431,CUST00576,5/3/2024,13895.57,UPI,Pending
ORD02432,CUST00344,3/11/2024,8474.6,NetBanking,Delivered
ORD02433,CUST00040,6/30/2024,10213.44,UPI,Cancelled
ORD02434,CUST00024,6/24/2024,9937.42,UPI,Cancelled
ORD02435,CUST00352,4/17/2024,3559.24,UPI,Shipped
ORD02436,CUST00476,4/10/2025,9030.05,Card,Shipped
ORD02437,CUST00504,1/19/2025,9382.52,NetBanking,Shipped
ORD02438,CUST00817,2/10/2024,10878.95,UPI,Delivered
ORD02439,CUST00245,3/13/2024,9920.94,UPI,Cancelled
ORD02440,CUST00171,3/20/2025,6136.35,Card,Pending
ORD02441,CUST00271,2/22/2025,2405.01,COD,Pending
ORD02442,CUST00188,4/8/2025,12130.64,NetBanking,Delivered
ORD02443,CUST00053,12/20/2024,7948.87,COD,Shipped
ORD02444,CUST00198,9/27/2024,8399.31,NetBanking,Cancelled
ORD02445,CUST00351,5/29/2024,14327.49,NetBanking,Pending
ORD02446,CUST00042,5/15/2025,12013.16,UPI,Shipped
ORD02447,CUST00097,6/14/2024,1360.21,NetBanking,Cancelled
ORD02448,CUST00367,2/28/2025,4827.43,Card,Pending
ORD02449,CUST00033,12/23/2024,13872.33,COD,Shipped
ORD02450,CUST00191,8/30/2024,8248.48,UPI,Pending
ORD02451,CUST00205,8/21/2024,3862.27,NetBanking,Pending
ORD02452,CUST00864,2/18/2024,2277.88,UPI,Cancelled
ORD02453,CUST00488,3/1/2025,5743.37,COD,Shipped
ORD02454,CUST00436,1/24/2025,4008.46,UPI,Shipped
ORD02455,CUST00435,1/20/2025,625.46,NetBanking,Delivered
ORD02456,CUST01000,9/18/2024,11796.33,COD,Pending
ORD02457,CUST00015,3/22/2024,8919.5,UPI,Pending
ORD02458,CUST00240,10/19/2024,1440.78,COD,Shipped
ORD02459,CUST00810,1/11/2024,12692.42,NetBanking,Delivered
ORD02460,CUST00763,8/11/2024,7512.26,UPI,Cancelled
ORD02461,CUST00034,6/20/2024,10741.7,Card,Shipped
ORD02462,CUST00694,4/13/2025,10617.7,COD,Pending
ORD02463,CUST00693,4/26/2024,12096.67,Card,Shipped
ORD02464,CUST00801,5/23/2024,3591.45,UPI,Cancelled
ORD02465,CUST00353,9/14/2024,12783.09,UPI,Cancelled
ORD02466,CUST00156,11/28/2024,1046.33,NetBanking,Shipped
ORD02467,CUST00305,7/24/2024,5620.76,Card,Shipped
ORD02468,CUST00740,2/6/2025,3715.69,Card,Cancelled
ORD02469,CUST00483,3/8/2024,5554.82,NetBanking,Pending
ORD02470,CUST00478,7/12/2024,2935.12,UPI,Delivered
ORD02471,CUST00340,1/2/2025,4533.51,UPI,Cancelled
ORD02472,CUST00265,11/17/2024,3072.42,UPI,Shipped
ORD02473,CUST00307,11/27/2024,3881.23,NetBanking,Shipped
ORD02474,CUST00815,4/13/2025,1451.44,UPI,Shipped
ORD02475,CUST00600,12/6/2024,7360.37,UPI,Delivered
ORD02476,CUST00017,6/13/2024,6238.4,UPI,Pending
ORD02477,CUST00130,11/5/2024,5969.44,NetBanking,Delivered
ORD02478,CUST00463,4/10/2025,3361.72,Card,Delivered
ORD02479,CUST00438,3/7/2025,2290.57,UPI,Delivered
ORD02480,CUST00516,1/9/2025,7439.74,Card,Shipped
ORD02481,CUST00608,2/20/2024,8339.18,COD,Delivered
ORD02482,CUST00330,2/6/2025,6751.27,COD,Pending
ORD02483,CUST00496,2/2/2025,1885.84,UPI,Cancelled
ORD02484,CUST00579,3/11/2024,7804.9,COD,Pending
ORD02485,CUST00453,1/1/2024,9723.35,NetBanking,Delivered
ORD02486,CUST00885,7/10/2024,3108.15,NetBanking,Cancelled
ORD02487,CUST00053,6/11/2024,353.21,Card,Delivered
ORD02488,CUST00795,3/8/2024,9763.79,Card,Pending
ORD02489,CUST00628,10/11/2024,706.38,Card,Cancelled
ORD02490,CUST00355,11/22/2024,13231.37,Card,Cancelled
ORD02491,CUST00410,9/14/2024,6898.32,COD,Delivered
ORD02492,CUST00665,5/1/2024,11730.85,NetBanking,Delivered
ORD02493,CUST00800,11/5/2024,10838.63,Card,Cancelled
ORD02494,CUST00702,7/27/2024,10408.65,NetBanking,Cancelled
ORD02495,CUST00071,11/16/2024,8139.75,Card,Shipped
ORD02496,CUST00435,2/7/2025,8217.21,UPI,Delivered
ORD02497,CUST00910,2/8/2024,3805.09,Card,Pending
ORD02498,CUST00074,3/29/2024,917.33,NetBanking,Delivered
ORD02499,CUST00251,5/4/2024,4356.1,UPI,Delivered
ORD02500,CUST00318,10/6/2024,2563.31,UPI,Delivered
ORD02501,CUST00549,4/30/2024,9931.5,Card,Cancelled
ORD02502,CUST00242,2/11/2025,2772.43,Card,Delivered
ORD02503,CUST00771,3/27/2025,10147.35,UPI,Pending
ORD02504,CUST00426,4/23/2024,12648.22,Card,Delivered
ORD02505,CUST00961,11/28/2024,10580.92,Card,Pending
ORD02506,CUST00013,11/3/2024,7094.68,NetBanking,Pending
ORD02507,CUST00494,8/7/2024,2925.97,UPI,Delivered
ORD02508,CUST00133,6/30/2024,1395.73,UPI,Delivered
ORD02509,CUST00486,5/9/2025,13717.21,COD,Delivered
ORD02510,CUST00248,8/10/2024,4181.11,NetBanking,Delivered
ORD02511,CUST00670,2/10/2025,10135.12,NetBanking,Delivered
ORD02512,CUST00222,4/2/2024,6989.91,NetBanking,Delivered
ORD02513,CUST00113,1/26/2025,13255.86,UPI,Cancelled
ORD02514,CUST00659,2/12/2025,4698.2,NetBanking,Cancelled
ORD02515,CUST00621,8/3/2024,7194.64,COD,Cancelled
ORD02516,CUST00399,6/22/2024,12376,Card,Pending
ORD02517,CUST00511,8/7/2024,1358.06,COD,Pending
ORD02518,CUST00701,1/10/2025,12201.04,COD,Shipped
ORD02519,CUST00436,3/9/2025,3759.66,NetBanking,Pending
ORD02520,CUST00138,2/24/2024,11184.34,COD,Pending
ORD02521,CUST00225,10/5/2024,14111.34,NetBanking,Cancelled
ORD02522,CUST00213,9/10/2024,6989.74,Card,Pending
ORD02523,CUST00294,1/17/2025,12382.83,UPI,Shipped
ORD02524,CUST00144,1/8/2025,3417.75,NetBanking,Pending
ORD02525,CUST00071,5/7/2025,4668.5,COD,Pending
ORD02526,CUST00507,3/31/2024,6479.09,Card,Delivered
ORD02527,CUST00975,5/31/2024,10263.66,UPI,Pending
ORD02528,CUST00798,8/1/2024,1632.08,NetBanking,Shipped
ORD02529,CUST00688,11/16/2024,1713.54,Card,Cancelled
ORD02530,CUST00233,9/18/2024,1867.88,COD,Pending
ORD02531,CUST00909,4/16/2024,13861.61,NetBanking,Pending
ORD02532,CUST00862,1/14/2024,3903.73,NetBanking,Pending
ORD02533,CUST00579,10/2/2024,5934.99,COD,Delivered
ORD02534,CUST00387,4/20/2024,8357.86,Card,Delivered
ORD02535,CUST00285,1/15/2024,8211,COD,Shipped
ORD02536,CUST00747,7/24/2024,3559.8,UPI,Cancelled
ORD02537,CUST00999,10/22/2024,2880.65,Card,Delivered
ORD02538,CUST00660,12/4/2024,2681.47,UPI,Pending
ORD02539,CUST00613,6/17/2024,3501.2,UPI,Delivered
ORD02540,CUST00271,4/9/2025,938.22,Card,Delivered
ORD02541,CUST00557,2/11/2024,6884.61,Card,Shipped
ORD02542,CUST00492,5/23/2024,2036.34,Card,Delivered
ORD02543,CUST00550,2/14/2024,1890.35,COD,Delivered
ORD02544,CUST00848,3/10/2025,7310.79,COD,Cancelled
ORD02545,CUST00591,3/2/2025,7260.55,NetBanking,Pending
ORD02546,CUST00615,11/15/2024,1041.83,Card,Shipped
ORD02547,CUST00503,2/24/2024,2038.73,NetBanking,Pending
ORD02548,CUST00344,2/8/2025,14820.1,NetBanking,Delivered
ORD02549,CUST00635,10/10/2024,8111.15,UPI,Delivered
ORD02550,CUST00079,8/9/2024,7489.24,NetBanking,Pending
ORD02551,CUST00250,3/17/2025,1601.75,COD,Shipped
ORD02552,CUST00097,2/28/2025,2688.81,COD,Cancelled
ORD02553,CUST00361,3/2/2025,6839.74,Card,Pending
ORD02554,CUST00429,2/22/2024,9030.92,COD,Shipped
ORD02555,CUST00936,9/6/2024,8496.19,UPI,Delivered
ORD02556,CUST00860,10/20/2024,13396.23,UPI,Pending
ORD02557,CUST00971,9/28/2024,2667.01,UPI,Delivered
ORD02558,CUST00213,1/25/2025,9716.43,UPI,Pending
ORD02559,CUST00437,2/9/2024,14868.4,NetBanking,Shipped
ORD02560,CUST00700,2/11/2025,10494.99,UPI,Pending
ORD02561,CUST00822,4/23/2024,14758.31,Card,Pending
ORD02562,CUST00124,4/16/2025,12074.49,Card,Delivered
ORD02563,CUST00629,8/28/2024,12942.55,NetBanking,Cancelled
ORD02564,CUST00038,10/23/2024,11363.83,UPI,Cancelled
ORD02565,CUST00617,12/18/2024,12554.95,Card,Pending
ORD02566,CUST00168,12/10/2024,9100.37,NetBanking,Cancelled
ORD02567,CUST00796,9/21/2024,5127.04,Card,Cancelled
ORD02568,CUST00432,12/21/2024,13576.32,Card,Delivered
ORD02569,CUST00494,3/19/2024,12789.05,Card,Shipped
ORD02570,CUST00933,3/15/2024,4967.92,NetBanking,Delivered
ORD02571,CUST00829,8/12/2024,4230.47,Card,Cancelled
ORD02572,CUST00902,10/12/2024,13196.88,NetBanking,Pending
ORD02573,CUST00432,3/20/2025,13490.85,UPI,Shipped
ORD02574,CUST00193,12/27/2024,6206.08,UPI,Delivered
ORD02575,CUST00556,12/22/2024,6048.44,NetBanking,Cancelled
ORD02576,CUST00101,5/12/2024,12407.26,NetBanking,Cancelled
ORD02577,CUST00097,4/29/2024,4846.48,Card,Delivered
ORD02578,CUST00249,11/4/2024,328.42,COD,Pending
ORD02579,CUST00678,9/23/2024,11105.8,UPI,Pending
ORD02580,CUST00678,12/22/2024,4726.64,COD,Shipped
ORD02581,CUST00285,11/18/2024,13737.06,UPI,Shipped
ORD02582,CUST00111,12/25/2024,7021.35,Card,Cancelled
ORD02583,CUST00969,11/29/2024,11454.43,UPI,Pending
ORD02584,CUST00521,7/24/2024,1152.7,Card,Shipped
ORD02585,CUST00637,5/8/2025,7162.93,COD,Pending
ORD02586,CUST00490,1/15/2024,10447.68,UPI,Pending
ORD02587,CUST00232,12/2/2024,10657.86,UPI,Shipped
ORD02588,CUST00136,6/5/2024,9826.75,Card,Cancelled
ORD02589,CUST00705,2/18/2024,9327.59,Card,Delivered
ORD02590,CUST00690,7/29/2024,13702.97,Card,Shipped
ORD02591,CUST00321,8/10/2024,4766.41,UPI,Delivered
ORD02592,CUST00558,4/1/2025,1678.19,NetBanking,Cancelled
ORD02593,CUST00173,5/17/2024,4588.66,NetBanking,Shipped
ORD02594,CUST00685,12/8/2024,656.1,NetBanking,Shipped
ORD02595,CUST00857,2/17/2025,11358.28,UPI,Cancelled
ORD02596,CUST00422,8/12/2024,5395.35,UPI,Delivered
ORD02597,CUST00754,12/8/2024,7818.36,UPI,Cancelled
ORD02598,CUST00281,8/1/2024,319.35,NetBanking,Delivered
ORD02599,CUST00507,6/7/2024,5402.98,UPI,Shipped
ORD02600,CUST00040,8/27/2024,4934.8,Card,Cancelled
ORD02601,CUST00333,3/5/2025,14853.75,UPI,Shipped
ORD02602,CUST00881,7/16/2024,1326.18,UPI,Delivered
ORD02603,CUST00205,11/25/2024,4910.93,NetBanking,Cancelled
ORD02604,CUST00768,4/2/2024,8753.03,Card,Delivered
ORD02605,CUST00980,11/20/2024,2782.59,COD,Pending
ORD02606,CUST00391,12/30/2024,6605.18,COD,Shipped
ORD02607,CUST00172,1/31/2025,8633.74,Card,Shipped
ORD02608,CUST00393,10/2/2024,1580.4,NetBanking,Delivered
ORD02609,CUST00067,3/3/2025,9451.67,Card,Delivered
ORD02610,CUST00637,3/3/2025,11937.13,NetBanking,Shipped
ORD02611,CUST00670,5/23/2024,9537.71,Card,Cancelled
ORD02612,CUST00388,1/2/2024,6484.67,Card,Shipped
ORD02613,CUST00420,5/18/2024,3031.47,NetBanking,Shipped
ORD02614,CUST00244,5/2/2025,4008.84,COD,Cancelled
ORD02615,CUST00962,2/22/2024,14364.58,COD,Pending
ORD02616,CUST00627,4/7/2025,3965.15,UPI,Pending
ORD02617,CUST00828,2/1/2025,5557.18,NetBanking,Shipped
ORD02618,CUST00256,5/25/2024,10966.38,Card,Pending
ORD02619,CUST00636,4/28/2025,14181.77,NetBanking,Cancelled
ORD02620,CUST00461,1/11/2024,4181.03,NetBanking,Delivered
ORD02621,CUST00883,10/22/2024,5341.46,NetBanking,Cancelled
ORD02622,CUST00944,3/26/2025,7298.14,UPI,Shipped
ORD02623,CUST00438,10/18/2024,12138.7,COD,Cancelled
ORD02624,CUST00215,6/16/2024,4976.2,UPI,Pending
ORD02625,CUST00337,7/26/2024,863.06,COD,Delivered
ORD02626,CUST00563,2/14/2025,7940.9,UPI,Delivered
ORD02627,CUST00607,1/25/2025,12012.91,NetBanking,Cancelled
ORD02628,CUST00564,3/10/2024,7728.15,COD,Shipped
ORD02629,CUST00282,4/23/2025,14792.14,COD,Pending
ORD02630,CUST00986,9/21/2024,6617.85,COD,Cancelled
ORD02631,CUST00017,8/21/2024,6247.03,UPI,Pending
ORD02632,CUST00874,12/24/2024,12856.02,UPI,Pending
ORD02633,CUST00053,10/26/2024,1458.05,NetBanking,Pending
ORD02634,CUST00085,4/9/2025,1395.74,Card,Cancelled
ORD02635,CUST00975,2/11/2025,14276.15,COD,Delivered
ORD02636,CUST00402,6/21/2024,7310.43,NetBanking,Pending
ORD02637,CUST00746,8/9/2024,5021.73,NetBanking,Delivered
ORD02638,CUST00746,10/4/2024,7676.71,UPI,Delivered
ORD02639,CUST00504,7/15/2024,10000.36,NetBanking,Shipped
ORD02640,CUST00291,4/14/2024,10475.55,NetBanking,Pending
ORD02641,CUST00530,10/21/2024,5049.46,NetBanking,Cancelled
ORD02642,CUST00932,1/23/2025,446.25,NetBanking,Pending
ORD02643,CUST00878,7/28/2024,10669.66,Card,Pending
ORD02644,CUST00319,6/24/2024,874.3,NetBanking,Shipped
ORD02645,CUST00575,2/11/2025,6632.58,COD,Shipped
ORD02646,CUST00340,4/5/2025,12062.75,UPI,Cancelled
ORD02647,CUST00035,5/5/2025,12698.37,NetBanking,Delivered
ORD02648,CUST00699,3/17/2025,12917.12,NetBanking,Pending
ORD02649,CUST00763,8/7/2024,2751.96,COD,Cancelled
ORD02650,CUST00809,9/20/2024,1255.9,COD,Shipped
ORD02651,CUST00663,9/21/2024,4455.33,Card,Pending
ORD02652,CUST00573,3/16/2025,13048.95,COD,Shipped
ORD02653,CUST00525,6/14/2024,5391.75,UPI,Delivered
ORD02654,CUST00789,1/12/2024,1376.1,Card,Pending
ORD02655,CUST00592,10/8/2024,5785.11,NetBanking,Delivered
ORD02656,CUST00826,5/10/2025,9233.77,Card,Delivered
ORD02657,CUST00302,1/23/2025,9711.97,NetBanking,Shipped
ORD02658,CUST00890,4/9/2025,13574.79,COD,Pending
ORD02659,CUST00537,6/28/2024,5765.51,COD,Delivered
ORD02660,CUST00222,4/1/2025,5931.91,COD,Shipped
ORD02661,CUST00969,1/27/2024,3075.68,COD,Shipped
ORD02662,CUST00312,5/9/2024,10264.04,Card,Cancelled
ORD02663,CUST00521,7/25/2024,11757.07,COD,Shipped
ORD02664,CUST00108,4/29/2024,8150.81,Card,Shipped
ORD02665,CUST00380,4/23/2024,6708.22,COD,Delivered
ORD02666,CUST00732,9/1/2024,12664.74,UPI,Pending
ORD02667,CUST00226,3/27/2025,12605.34,COD,Cancelled
ORD02668,CUST00888,5/23/2024,5488.46,COD,Pending
ORD02669,CUST00692,3/29/2024,6319.45,Card,Pending
ORD02670,CUST00966,5/5/2024,6007.72,NetBanking,Delivered
ORD02671,CUST00629,9/17/2024,13545.59,COD,Pending
ORD02672,CUST00803,5/15/2024,7537.77,NetBanking,Cancelled
ORD02673,CUST00294,12/16/2024,9820.94,NetBanking,Cancelled
ORD02674,CUST00602,3/11/2024,5441.3,Card,Pending
ORD02675,CUST00471,1/18/2025,11850.73,UPI,Shipped
ORD02676,CUST00399,8/31/2024,7092.82,COD,Cancelled
ORD02677,CUST00272,1/13/2024,13107.37,UPI,Pending
ORD02678,CUST00479,8/3/2024,5449.43,NetBanking,Pending
ORD02679,CUST00205,6/28/2024,4611.1,UPI,Cancelled
ORD02680,CUST00483,1/21/2025,11544.65,Card,Delivered
ORD02681,CUST00603,11/14/2024,1061.19,UPI,Delivered
ORD02682,CUST00872,10/19/2024,4310.9,UPI,Pending
ORD02683,CUST00408,7/9/2024,5484.61,Card,Shipped
ORD02684,CUST00298,1/16/2025,10890.8,NetBanking,Shipped
ORD02685,CUST00982,9/25/2024,12047.26,COD,Cancelled
ORD02686,CUST00351,5/5/2024,14316.7,Card,Shipped
ORD02687,CUST00422,4/27/2025,6561.59,UPI,Delivered
ORD02688,CUST00981,3/17/2025,744.92,COD,Delivered
ORD02689,CUST00585,3/13/2025,11105.57,UPI,Delivered
ORD02690,CUST00252,1/11/2025,12261,NetBanking,Pending
ORD02691,CUST00081,2/9/2024,9080.1,COD,Cancelled
ORD02692,CUST00089,2/11/2024,8304.75,NetBanking,Shipped
ORD02693,CUST00985,1/18/2025,6827.77,NetBanking,Pending
ORD02694,CUST00079,8/6/2024,4816.99,NetBanking,Pending
ORD02695,CUST00436,8/17/2024,13865.09,COD,Pending
ORD02696,CUST00001,12/8/2024,4353.83,COD,Pending
ORD02697,CUST00688,7/23/2024,9833.3,COD,Shipped
ORD02698,CUST00629,12/28/2024,434.18,NetBanking,Shipped
ORD02699,CUST00414,7/7/2024,5277.78,NetBanking,Delivered
ORD02700,CUST00658,9/26/2024,9358.6,NetBanking,Shipped
ORD02701,CUST00239,12/25/2024,10436.5,UPI,Shipped
ORD02702,CUST00722,10/21/2024,2951.85,COD,Cancelled
ORD02703,CUST00018,3/13/2025,4870.08,COD,Shipped
ORD02704,CUST00548,11/15/2024,6450.5,Card,Delivered
ORD02705,CUST00057,5/9/2024,5447.39,Card,Delivered
ORD02706,CUST00398,9/29/2024,5766.23,NetBanking,Pending
ORD02707,CUST00462,6/6/2024,13040.7,Card,Delivered
ORD02708,CUST00465,5/9/2024,11051.84,NetBanking,Shipped
ORD02709,CUST00467,5/13/2024,4628.64,NetBanking,Shipped
ORD02710,CUST00193,1/2/2024,5044.25,NetBanking,Cancelled
ORD02711,CUST00018,2/22/2024,13964.34,Card,Shipped
ORD02712,CUST00517,2/4/2025,7316.59,Card,Cancelled
ORD02713,CUST00551,2/12/2024,13753.49,COD,Pending
ORD02714,CUST00948,6/7/2024,13032.55,COD,Pending
ORD02715,CUST00098,6/3/2024,3216.05,Card,Cancelled
ORD02716,CUST00518,2/9/2024,10179.88,UPI,Shipped
ORD02717,CUST00527,6/30/2024,5733.54,NetBanking,Pending
ORD02718,CUST00326,1/30/2025,8110.77,UPI,Cancelled
ORD02719,CUST00974,4/17/2024,9405.61,NetBanking,Shipped
ORD02720,CUST00122,12/21/2024,7436.6,NetBanking,Cancelled
ORD02721,CUST00638,3/24/2025,12139.62,UPI,Cancelled
ORD02722,CUST00908,12/27/2024,10225.77,UPI,Shipped
ORD02723,CUST00568,5/12/2025,14692.25,NetBanking,Cancelled
ORD02724,CUST00532,2/17/2025,12624.65,UPI,Pending
ORD02725,CUST00354,8/23/2024,11416.9,Card,Shipped
ORD02726,CUST00211,10/2/2024,14148.47,UPI,Shipped
ORD02727,CUST00546,6/8/2024,11480.63,UPI,Delivered
ORD02728,CUST00057,1/9/2025,14892.74,UPI,Cancelled
ORD02729,CUST00395,3/19/2025,2998.36,Card,Shipped
ORD02730,CUST00937,6/8/2024,2523.4,NetBanking,Pending
ORD02731,CUST00862,1/16/2025,3784.01,UPI,Delivered
ORD02732,CUST00065,3/29/2024,7822.15,Card,Pending
ORD02733,CUST00198,4/8/2025,4568.84,UPI,Cancelled
ORD02734,CUST00412,1/5/2025,1504.19,Card,Delivered
ORD02735,CUST00904,6/19/2024,9688.48,NetBanking,Shipped
ORD02736,CUST00056,3/10/2025,14293.59,NetBanking,Shipped
ORD02737,CUST00195,1/20/2024,1071.51,NetBanking,Cancelled
ORD02738,CUST00461,1/6/2024,6726.08,UPI,Delivered
ORD02739,CUST00049,4/2/2025,9326.26,COD,Cancelled
ORD02740,CUST00563,11/10/2024,4685.57,NetBanking,Cancelled
ORD02741,CUST00417,8/21/2024,11173.05,COD,Shipped
ORD02742,CUST00820,1/18/2025,4720.32,NetBanking,Delivered
ORD02743,CUST00572,2/4/2025,11181.34,Card,Delivered
ORD02744,CUST00417,3/13/2024,14093.64,NetBanking,Cancelled
ORD02745,CUST00057,3/19/2024,6371.25,UPI,Delivered
ORD02746,CUST00430,1/12/2024,14581.14,COD,Pending
ORD02747,CUST00631,12/19/2024,1580.59,UPI,Shipped
ORD02748,CUST00681,3/22/2024,3900.87,UPI,Pending
ORD02749,CUST00145,10/1/2024,6377.57,Card,Shipped
ORD02750,CUST00086,12/17/2024,9565.73,COD,Cancelled
ORD02751,CUST00654,4/20/2025,6151.2,COD,Pending
ORD02752,CUST00150,5/3/2025,651.06,Card,Cancelled
ORD02753,CUST00587,9/11/2024,12034.54,UPI,Delivered
ORD02754,CUST00354,1/6/2024,8616.81,Card,Cancelled
ORD02755,CUST00133,9/9/2024,11448.94,COD,Delivered
ORD02756,CUST00207,12/26/2024,2536.93,UPI,Delivered
ORD02757,CUST00661,5/6/2025,9982.92,NetBanking,Cancelled
ORD02758,CUST00506,11/11/2024,11078.24,NetBanking,Shipped
ORD02759,CUST00475,10/11/2024,14101.28,Card,Cancelled
ORD02760,CUST00303,2/15/2024,5153.22,UPI,Cancelled
ORD02761,CUST00525,12/12/2024,13291.84,UPI,Shipped
ORD02762,CUST00647,4/12/2025,14226.33,COD,Delivered
ORD02763,CUST00390,2/16/2025,849.98,UPI,Shipped
ORD02764,CUST00958,2/9/2025,12509.95,NetBanking,Delivered
ORD02765,CUST00802,8/2/2024,5507.46,NetBanking,Pending
ORD02766,CUST00462,5/14/2024,14328.37,COD,Cancelled
ORD02767,CUST00736,1/22/2024,8777.66,NetBanking,Delivered
ORD02768,CUST00515,11/20/2024,14586.37,NetBanking,Pending
ORD02769,CUST00987,7/19/2024,10379.6,Card,Delivered
ORD02770,CUST00923,2/18/2024,5956.15,NetBanking,Pending
ORD02771,CUST00138,2/16/2025,3464.25,COD,Pending
ORD02772,CUST00902,1/7/2025,5837.57,COD,Shipped
ORD02773,CUST00211,2/7/2024,5962.42,UPI,Pending
ORD02774,CUST00132,11/27/2024,13298.73,Card,Delivered
ORD02775,CUST00091,3/28/2025,14885.89,Card,Pending
ORD02776,CUST00945,1/5/2024,4335.74,NetBanking,Pending
ORD02777,CUST00904,4/7/2025,1378.69,UPI,Shipped
ORD02778,CUST00018,9/17/2024,3268.25,UPI,Cancelled
ORD02779,CUST00534,3/14/2025,8885.58,NetBanking,Shipped
ORD02780,CUST00173,10/13/2024,14270.93,NetBanking,Cancelled
ORD02781,CUST00604,2/7/2024,10727.21,UPI,Cancelled
ORD02782,CUST00829,8/23/2024,8537.7,UPI,Cancelled
ORD02783,CUST00316,4/29/2024,6719.4,Card,Cancelled
ORD02784,CUST00096,3/27/2025,14368.23,COD,Pending
ORD02785,CUST00655,4/20/2024,1033.17,NetBanking,Shipped
ORD02786,CUST00674,3/5/2024,11006.28,COD,Delivered
ORD02787,CUST00570,2/17/2025,3986.54,COD,Pending
ORD02788,CUST00819,3/3/2025,5109.58,Card,Shipped
ORD02789,CUST00793,7/7/2024,10020.29,Card,Shipped
ORD02790,CUST00928,9/26/2024,2638.29,UPI,Delivered
ORD02791,CUST00224,9/26/2024,2483.08,NetBanking,Shipped
ORD02792,CUST00448,1/22/2024,13494.51,NetBanking,Pending
ORD02793,CUST00745,10/1/2024,4610.79,COD,Pending
ORD02794,CUST00420,4/9/2025,9659.25,UPI,Pending
ORD02795,CUST00332,5/22/2024,12065.31,Card,Pending
ORD02796,CUST00276,5/13/2025,11064.18,NetBanking,Pending
ORD02797,CUST00151,6/20/2024,1374.37,NetBanking,Shipped
ORD02798,CUST00961,2/11/2024,7268.12,NetBanking,Cancelled
ORD02799,CUST00644,11/3/2024,2547.88,COD,Cancelled
ORD02800,CUST00726,10/2/2024,6968.84,NetBanking,Delivered
ORD02801,CUST00703,5/10/2025,1152.68,NetBanking,Pending
ORD02802,CUST00909,12/16/2024,14744.85,Card,Pending
ORD02803,CUST00331,8/15/2024,11457.07,UPI,Pending
ORD02804,CUST00264,8/5/2024,5152.75,NetBanking,Pending
ORD02805,CUST00807,7/1/2024,4910.74,NetBanking,Pending
ORD02806,CUST00909,6/8/2024,1851.57,COD,Pending
ORD02807,CUST00614,9/28/2024,6516.17,UPI,Delivered
ORD02808,CUST00979,10/16/2024,3256.86,Card,Delivered
ORD02809,CUST00113,3/3/2025,6060.84,Card,Delivered
ORD02810,CUST00777,2/13/2024,11098.84,COD,Shipped
ORD02811,CUST00945,3/29/2024,4355.57,Card,Cancelled
ORD02812,CUST00555,1/23/2025,11919.83,Card,Cancelled
ORD02813,CUST00679,1/30/2025,9083,COD,Pending
ORD02814,CUST00567,7/29/2024,922.53,NetBanking,Pending
ORD02815,CUST00711,12/1/2024,929.86,UPI,Delivered
ORD02816,CUST00009,5/20/2024,11945.78,Card,Cancelled
ORD02817,CUST00006,10/10/2024,1265.44,NetBanking,Shipped
ORD02818,CUST00766,8/12/2024,3781.76,COD,Pending
ORD02819,CUST00498,1/17/2025,1744.04,NetBanking,Cancelled
ORD02820,CUST00280,5/13/2024,6369.07,UPI,Cancelled
ORD02821,CUST00600,5/5/2024,2482.77,COD,Delivered
ORD02822,CUST00912,11/10/2024,6673.79,NetBanking,Pending
ORD02823,CUST00718,11/20/2024,2239.23,Card,Delivered
ORD02824,CUST00341,11/18/2024,11290.92,COD,Cancelled
ORD02825,CUST00588,11/15/2024,1131.9,Card,Cancelled
ORD02826,CUST00456,7/28/2024,11135.51,Card,Cancelled
ORD02827,CUST00044,1/12/2025,2726.54,UPI,Cancelled
ORD02828,CUST00329,5/11/2025,10895.29,Card,Shipped
ORD02829,CUST00021,3/16/2025,10168.95,COD,Cancelled
ORD02830,CUST00328,3/23/2025,8325.53,UPI,Shipped
ORD02831,CUST00187,7/16/2024,6368.42,Card,Cancelled
ORD02832,CUST00490,7/22/2024,9691.95,NetBanking,Cancelled
ORD02833,CUST00405,1/18/2025,237.41,UPI,Pending
ORD02834,CUST00352,3/1/2025,1416.35,UPI,Delivered
ORD02835,CUST00495,8/21/2024,5744.74,UPI,Shipped
ORD02836,CUST00694,10/20/2024,10382.29,NetBanking,Delivered
ORD02837,CUST00315,2/10/2025,9139.43,Card,Cancelled
ORD02838,CUST00689,4/15/2024,1684.59,NetBanking,Shipped
ORD02839,CUST00778,9/23/2024,10159.87,Card,Cancelled
ORD02840,CUST00585,12/5/2024,7242.86,COD,Pending
ORD02841,CUST00359,8/10/2024,5812.68,NetBanking,Delivered
ORD02842,CUST00020,9/3/2024,5552.34,NetBanking,Cancelled
ORD02843,CUST00813,11/28/2024,10683.78,NetBanking,Shipped
ORD02844,CUST00443,1/27/2025,8148.24,COD,Delivered
ORD02845,CUST00881,6/21/2024,6275.8,Card,Shipped
ORD02846,CUST00003,1/6/2025,12485.01,NetBanking,Delivered
ORD02847,CUST00415,9/6/2024,14209.81,Card,Cancelled
ORD02848,CUST00116,3/18/2025,5317.46,NetBanking,Pending
ORD02849,CUST00128,8/26/2024,14912.82,UPI,Delivered
ORD02850,CUST00973,3/4/2024,5128.78,NetBanking,Pending
ORD02851,CUST00880,8/20/2024,3585,NetBanking,Cancelled
ORD02852,CUST00680,5/3/2024,1262,NetBanking,Pending
ORD02853,CUST00178,3/9/2024,5415.48,NetBanking,Pending
ORD02854,CUST00513,5/7/2025,5184.14,NetBanking,Delivered
ORD02855,CUST00351,4/24/2024,4201.38,COD,Cancelled
ORD02856,CUST00403,2/18/2024,8102.72,NetBanking,Pending
ORD02857,CUST00635,4/19/2024,10044.83,Card,Shipped
ORD02858,CUST00149,3/16/2025,8138.82,NetBanking,Cancelled
ORD02859,CUST00019,10/9/2024,12543.05,NetBanking,Pending
ORD02860,CUST00613,1/17/2025,4660.9,COD,Cancelled
ORD02861,CUST00514,4/20/2025,1646.27,COD,Pending
ORD02862,CUST00160,1/23/2024,11853.74,NetBanking,Delivered
ORD02863,CUST00199,2/1/2025,6276.06,Card,Shipped
ORD02864,CUST00754,1/14/2025,9896.98,NetBanking,Pending
ORD02865,CUST00308,1/1/2024,469.99,UPI,Cancelled
ORD02866,CUST00827,7/24/2024,8974.96,COD,Delivered
ORD02867,CUST00748,5/10/2024,14690.27,COD,Shipped
ORD02868,CUST00298,5/13/2025,2042.39,NetBanking,Cancelled
ORD02869,CUST00349,10/19/2024,14921.47,Card,Pending
ORD02870,CUST00291,4/25/2025,5718.38,COD,Delivered
ORD02871,CUST00473,3/3/2024,575.89,COD,Delivered
ORD02872,CUST00080,1/10/2024,7009.74,UPI,Delivered
ORD02873,CUST00108,1/23/2025,6687.28,UPI,Pending
ORD02874,CUST00587,8/23/2024,11900.55,NetBanking,Delivered
ORD02875,CUST00557,9/7/2024,6600.65,Card,Cancelled
ORD02876,CUST00697,6/9/2024,1648.43,Card,Delivered
ORD02877,CUST00818,1/18/2025,5604.45,Card,Pending
ORD02878,CUST00412,8/15/2024,10217.47,NetBanking,Shipped
ORD02879,CUST00439,2/8/2025,7404.74,Card,Cancelled
ORD02880,CUST00690,3/26/2025,11974.64,COD,Delivered
ORD02881,CUST00060,9/7/2024,6925.93,Card,Shipped
ORD02882,CUST00798,5/18/2024,1463.55,Card,Shipped
ORD02883,CUST00354,2/14/2025,12340.04,Card,Delivered
ORD02884,CUST00279,2/8/2024,3005.51,COD,Cancelled
ORD02885,CUST00505,3/25/2024,9601.74,Card,Pending
ORD02886,CUST00872,7/26/2024,10151.11,Card,Cancelled
ORD02887,CUST00730,9/2/2024,11623.99,COD,Pending
ORD02888,CUST00840,1/28/2025,13289.7,NetBanking,Delivered
ORD02889,CUST00721,4/10/2024,11561.13,UPI,Delivered
ORD02890,CUST00468,4/13/2025,10168.46,Card,Cancelled
ORD02891,CUST00644,1/31/2025,6666.9,NetBanking,Shipped
ORD02892,CUST00845,7/18/2024,572.81,Card,Cancelled
ORD02893,CUST00972,4/2/2024,14876.61,COD,Shipped
ORD02894,CUST00747,4/4/2025,7168.96,NetBanking,Delivered
ORD02895,CUST00908,3/13/2024,7697.38,COD,Pending
ORD02896,CUST00598,4/25/2025,1734.56,Card,Shipped
ORD02897,CUST00201,5/4/2025,11992.11,Card,Delivered
ORD02898,CUST00642,5/15/2024,9933.59,NetBanking,Shipped
ORD02899,CUST00387,2/16/2025,1422.6,UPI,Pending
ORD02900,CUST00658,2/8/2025,8289,Card,Cancelled
ORD02901,CUST00634,2/18/2025,13004.17,COD,Cancelled
ORD02902,CUST00987,8/19/2024,4108.77,NetBanking,Pending
ORD02903,CUST00382,4/13/2025,10560.98,Card,Cancelled
ORD02904,CUST00839,12/17/2024,4891.98,NetBanking,Delivered
ORD02905,CUST00534,2/26/2024,1643.82,NetBanking,Delivered
ORD02906,CUST00392,4/19/2024,13836.22,Card,Delivered
ORD02907,CUST00347,12/17/2024,2336.89,Card,Delivered
ORD02908,CUST00608,12/19/2024,3402.54,COD,Cancelled
ORD02909,CUST00103,2/3/2025,8148.46,NetBanking,Pending
ORD02910,CUST00083,4/25/2025,4050.53,Card,Shipped
ORD02911,CUST00969,1/15/2024,1302.61,Card,Shipped
ORD02912,CUST00332,5/4/2024,4151.05,UPI,Delivered
ORD02913,CUST00190,2/26/2024,6755.16,Card,Pending
ORD02914,CUST00201,1/6/2024,223.97,COD,Pending
ORD02915,CUST00299,4/16/2025,7136.95,COD,Delivered
ORD02916,CUST00587,1/9/2025,356.39,COD,Pending
ORD02917,CUST00112,8/10/2024,14575.6,Card,Pending
ORD02918,CUST00148,7/12/2024,11158.85,NetBanking,Delivered
ORD02919,CUST00432,9/4/2024,9882.24,UPI,Pending
ORD02920,CUST00982,4/4/2024,1588.38,Card,Delivered
ORD02921,CUST00559,5/24/2024,7948.58,COD,Delivered
ORD02922,CUST00307,12/2/2024,1724.07,COD,Shipped
ORD02923,CUST00232,1/23/2024,13313.51,Card,Pending
ORD02924,CUST00305,3/8/2025,9884.25,COD,Cancelled
ORD02925,CUST00440,11/10/2024,7115.57,UPI,Delivered
ORD02926,CUST00038,7/24/2024,4978.94,Card,Delivered
ORD02927,CUST00804,7/17/2024,13693.5,UPI,Pending
ORD02928,CUST00016,11/26/2024,3596.13,Card,Cancelled
ORD02929,CUST00678,2/20/2025,14971.13,COD,Delivered
ORD02930,CUST00566,3/4/2024,1223.44,NetBanking,Delivered
ORD02931,CUST00407,4/6/2024,14903.36,Card,Pending
ORD02932,CUST00978,8/25/2024,359.46,NetBanking,Shipped
ORD02933,CUST00984,3/1/2024,5115.28,Card,Delivered
ORD02934,CUST00255,11/2/2024,9636.72,COD,Shipped
ORD02935,CUST00896,2/3/2025,5245.74,Card,Pending
ORD02936,CUST00004,2/11/2025,2280.82,UPI,Pending
ORD02937,CUST00753,10/19/2024,13952.49,UPI,Pending
ORD02938,CUST00812,7/6/2024,4289.9,UPI,Shipped
ORD02939,CUST00864,3/18/2025,13935.24,Card,Shipped
ORD02940,CUST00377,1/30/2025,8269.5,NetBanking,Shipped
ORD02941,CUST00860,12/15/2024,9399.05,UPI,Delivered
ORD02942,CUST00371,7/28/2024,6839.79,NetBanking,Delivered
ORD02943,CUST00319,9/2/2024,5203.46,NetBanking,Pending
ORD02944,CUST00223,10/20/2024,11618.03,NetBanking,Delivered
ORD02945,CUST00898,1/14/2024,2611.28,UPI,Cancelled
ORD02946,CUST00930,1/25/2024,12155.55,UPI,Shipped
ORD02947,CUST00557,4/11/2025,3819.24,UPI,Cancelled
ORD02948,CUST00526,7/7/2024,14282.38,COD,Delivered
ORD02949,CUST00226,4/22/2025,5215.35,COD,Delivered
ORD02950,CUST00952,9/9/2024,7495.57,COD,Delivered
ORD02951,CUST00034,4/8/2024,5311.92,COD,Delivered
ORD02952,CUST00587,4/2/2025,4691.28,Card,Cancelled
ORD02953,CUST00956,4/10/2025,10539.98,UPI,Cancelled
ORD02954,CUST00987,2/17/2024,6003.97,Card,Cancelled
ORD02955,CUST00245,4/16/2024,6833.63,NetBanking,Delivered
ORD02956,CUST00571,1/22/2025,6912.47,COD,Pending
ORD02957,CUST00887,8/25/2024,10075.02,UPI,Delivered
ORD02958,CUST00287,7/17/2024,3521.72,NetBanking,Pending
ORD02959,CUST00651,12/12/2024,10090.79,Card,Delivered
ORD02960,CUST00781,11/23/2024,7191.8,Card,Delivered
ORD02961,CUST00232,4/26/2024,2820.3,COD,Pending
ORD02962,CUST00935,6/19/2024,11372.96,COD,Cancelled
ORD02963,CUST00349,3/20/2025,1921.39,UPI,Cancelled
ORD02964,CUST00288,10/4/2024,13474.19,UPI,Cancelled
ORD02965,CUST00895,12/24/2024,14751.64,Card,Delivered
ORD02966,CUST00095,10/4/2024,14864.24,COD,Delivered
ORD02967,CUST00350,3/14/2025,12707.86,Card,Pending
ORD02968,CUST00466,1/27/2024,8996.4,NetBanking,Cancelled
ORD02969,CUST00489,2/15/2025,6320.64,UPI,Delivered
ORD02970,CUST00053,2/25/2024,7364.93,COD,Pending
ORD02971,CUST00903,6/6/2024,6853.71,NetBanking,Cancelled
ORD02972,CUST00350,8/2/2024,7027.75,COD,Shipped
ORD02973,CUST00397,3/26/2024,10310.23,Card,Cancelled
ORD02974,CUST00346,9/16/2024,4171.77,UPI,Shipped
ORD02975,CUST00011,10/23/2024,9211.06,NetBanking,Pending
ORD02976,CUST00879,9/27/2024,5363.35,COD,Delivered
ORD02977,CUST00445,3/7/2025,5808.55,Card,Pending
ORD02978,CUST00224,2/4/2024,7887.16,COD,Pending
ORD02979,CUST00640,1/18/2024,11559.44,COD,Pending
ORD02980,CUST00468,3/31/2025,6697.69,NetBanking,Pending
ORD02981,CUST00776,1/21/2024,9882.97,COD,Shipped
ORD02982,CUST00229,7/11/2024,7555.64,Card,Pending
ORD02983,CUST00687,2/5/2024,11822.8,UPI,Pending
ORD02984,CUST00245,1/23/2025,14827.67,UPI,Shipped
ORD02985,CUST00612,10/10/2024,6407.76,Card,Delivered
ORD02986,CUST00553,7/27/2024,14509.17,Card,Cancelled
ORD02987,CUST00168,4/13/2024,3631.06,Card,Delivered
ORD02988,CUST00147,2/7/2025,3391.99,Card,Cancelled
ORD02989,CUST00389,5/23/2024,533.85,COD,Delivered
ORD02990,CUST00869,3/3/2025,14288.61,COD,Cancelled
ORD02991,CUST00233,12/28/2024,10264.75,UPI,Pending
ORD02992,CUST00353,11/9/2024,9884.61,Card,Cancelled
ORD02993,CUST00551,8/12/2024,13223.33,NetBanking,Shipped
ORD02994,CUST00313,11/2/2024,1537.09,NetBanking,Shipped
ORD02995,CUST00733,9/3/2024,12552.74,UPI,Pending
ORD02996,CUST00963,3/17/2025,4120.54,NetBanking,Cancelled
ORD02997,CUST00491,9/29/2024,11742.11,NetBanking,Shipped
ORD02998,CUST00120,2/24/2024,14435.33,UPI,Cancelled
ORD02999,CUST00371,3/26/2024,5380.94,NetBanking,Shipped
ORD03000,CUST00822,9/28/2024,295.63,Card,Pending
ORD03001,CUST00779,7/29/2024,14901.7,Card,Cancelled
ORD03002,CUST00820,6/19/2024,641.98,COD,Pending
ORD03003,CUST00407,10/5/2024,605.71,Card,Delivered
ORD03004,CUST00740,4/27/2024,8933.36,Card,Shipped
ORD03005,CUST00256,3/3/2024,13338.16,COD,Delivered
ORD03006,CUST00921,4/6/2025,1576.84,NetBanking,Pending
ORD03007,CUST00425,5/8/2025,13853.05,Card,Pending
ORD03008,CUST00538,10/16/2024,11695.7,Card,Pending
ORD03009,CUST00847,4/13/2024,12004.2,UPI,Cancelled
ORD03010,CUST00162,2/14/2025,12122.37,NetBanking,Pending
ORD03011,CUST00591,3/29/2024,12298.03,COD,Pending
ORD03012,CUST00308,6/7/2024,1899.86,UPI,Shipped
ORD03013,CUST00779,4/9/2024,2904.72,UPI,Pending
ORD03014,CUST00020,1/3/2024,4997.88,UPI,Shipped
ORD03015,CUST00500,9/26/2024,4820.85,UPI,Shipped
ORD03016,CUST00022,4/25/2025,2377.67,Card,Delivered
ORD03017,CUST00741,2/12/2024,13334.22,NetBanking,Cancelled
ORD03018,CUST00970,7/6/2024,4219.55,COD,Cancelled
ORD03019,CUST00511,9/28/2024,9368.81,UPI,Delivered
ORD03020,CUST00910,3/20/2025,4182.09,COD,Shipped
ORD03021,CUST00478,3/23/2025,4929.16,UPI,Delivered
ORD03022,CUST00176,7/1/2024,6205.16,COD,Cancelled
ORD03023,CUST00175,5/21/2024,12413.5,Card,Pending
ORD03024,CUST00493,1/29/2024,8111.4,NetBanking,Cancelled
ORD03025,CUST00556,1/11/2025,13993.67,Card,Shipped
ORD03026,CUST00587,1/7/2024,14520.41,COD,Shipped
ORD03027,CUST00244,4/6/2025,10394.16,Card,Pending
ORD03028,CUST00725,9/30/2024,9735.11,COD,Delivered
ORD03029,CUST00091,2/11/2025,12993.54,NetBanking,Pending
ORD03030,CUST00609,5/15/2025,2472.23,Card,Pending
ORD03031,CUST00078,9/5/2024,4164.79,NetBanking,Delivered
ORD03032,CUST00650,11/13/2024,7012.49,UPI,Cancelled
ORD03033,CUST00740,1/23/2024,1781.49,COD,Pending
ORD03034,CUST00868,11/7/2024,14636.38,Card,Delivered
ORD03035,CUST00133,11/12/2024,5385.88,Card,Delivered
ORD03036,CUST00869,3/2/2024,8522.8,NetBanking,Shipped
ORD03037,CUST00233,5/1/2024,10634.47,COD,Delivered
ORD03038,CUST00276,3/1/2025,8715.17,Card,Pending
ORD03039,CUST00349,10/26/2024,7681.71,UPI,Cancelled
ORD03040,CUST00988,10/1/2024,14081.05,NetBanking,Cancelled
ORD03041,CUST00128,2/19/2025,1344.41,Card,Pending
ORD03042,CUST00290,2/12/2024,9102.82,UPI,Pending
ORD03043,CUST00851,6/20/2024,14057.54,NetBanking,Delivered
ORD03044,CUST00987,2/9/2025,4784.64,Card,Cancelled
ORD03045,CUST00831,10/14/2024,7122.61,Card,Pending
ORD03046,CUST00395,3/22/2024,2128.23,UPI,Shipped
ORD03047,CUST00072,12/20/2024,2831.7,COD,Pending
ORD03048,CUST00778,4/30/2024,13875.26,COD,Pending
ORD03049,CUST00176,9/2/2024,13251.65,NetBanking,Cancelled
ORD03050,CUST00651,4/7/2024,4724.61,NetBanking,Cancelled
ORD03051,CUST00919,11/14/2024,7044.11,COD,Shipped
ORD03052,CUST00998,11/5/2024,13031.74,NetBanking,Pending
ORD03053,CUST00346,2/26/2024,13579.25,NetBanking,Shipped
ORD03054,CUST00531,4/2/2025,13024.93,UPI,Shipped
ORD03055,CUST00938,11/10/2024,8656.04,Card,Cancelled
ORD03056,CUST00547,4/20/2025,9779.66,NetBanking,Shipped
ORD03057,CUST00483,5/30/2024,8801.5,COD,Delivered
ORD03058,CUST00032,11/16/2024,10870.73,NetBanking,Delivered
ORD03059,CUST00068,11/3/2024,6400.46,NetBanking,Pending
ORD03060,CUST00490,4/26/2024,6344.95,NetBanking,Shipped
ORD03061,CUST00392,7/26/2024,10478.94,Card,Shipped
ORD03062,CUST00268,7/6/2024,8989.71,UPI,Shipped
ORD03063,CUST00801,7/30/2024,9074.01,UPI,Delivered
ORD03064,CUST00981,1/2/2025,4172.77,UPI,Delivered
ORD03065,CUST00341,12/13/2024,2394.97,Card,Delivered
ORD03066,CUST00728,4/28/2025,1882,COD,Shipped
ORD03067,CUST00187,2/23/2025,6060.83,UPI,Cancelled
ORD03068,CUST00984,9/8/2024,13021,COD,Delivered
ORD03069,CUST00012,3/25/2025,9585.19,NetBanking,Shipped
ORD03070,CUST00626,4/15/2025,11998.34,Card,Cancelled
ORD03071,CUST00541,11/8/2024,14778.78,NetBanking,Pending
ORD03072,CUST00314,2/14/2025,2621.04,Card,Cancelled
ORD03073,CUST00428,11/11/2024,10329,COD,Pending
ORD03074,CUST00957,2/12/2025,1419.82,NetBanking,Shipped
ORD03075,CUST00610,3/17/2025,494.21,Card,Shipped
ORD03076,CUST00788,8/8/2024,13709.08,NetBanking,Pending
ORD03077,CUST00799,1/8/2025,3696.91,NetBanking,Delivered
ORD03078,CUST00737,1/22/2024,3201.33,UPI,Delivered
ORD03079,CUST00995,12/26/2024,9615.09,COD,Cancelled
ORD03080,CUST00465,3/7/2025,6217.37,NetBanking,Cancelled
ORD03081,CUST00463,3/15/2024,7647.92,Card,Cancelled
ORD03082,CUST00267,6/11/2024,9948.15,UPI,Cancelled
ORD03083,CUST00657,3/31/2024,3879.05,COD,Pending
ORD03084,CUST00148,11/2/2024,10916.95,UPI,Pending
ORD03085,CUST00974,8/14/2024,5582.53,NetBanking,Shipped
ORD03086,CUST00202,11/14/2024,4725.5,Card,Pending
ORD03087,CUST00020,10/27/2024,4302.21,Card,Shipped
ORD03088,CUST00706,2/9/2025,5332.04,COD,Shipped
ORD03089,CUST00468,6/20/2024,3132.29,UPI,Shipped
ORD03090,CUST00021,5/6/2024,14026.96,Card,Cancelled
ORD03091,CUST00255,6/23/2024,9510.26,Card,Delivered
ORD03092,CUST00236,4/2/2024,6461.89,UPI,Shipped
ORD03093,CUST00301,3/19/2024,11420.66,NetBanking,Delivered
ORD03094,CUST00584,11/20/2024,8173.26,Card,Pending
ORD03095,CUST00057,3/21/2024,3777.57,NetBanking,Delivered
ORD03096,CUST00938,6/14/2024,1274.82,UPI,Shipped
ORD03097,CUST00842,5/7/2024,2154.62,UPI,Delivered
ORD03098,CUST00726,9/6/2024,1528.66,NetBanking,Cancelled
ORD03099,CUST00880,9/30/2024,7580.11,NetBanking,Delivered
ORD03100,CUST00156,5/19/2024,2454.23,NetBanking,Cancelled
ORD03101,CUST00313,7/20/2024,1253.86,Card,Cancelled
ORD03102,CUST00382,2/20/2025,12866.59,Card,Cancelled
ORD03103,CUST00523,4/29/2024,12051.61,UPI,Pending
ORD03104,CUST00530,1/29/2025,1315.44,UPI,Shipped
ORD03105,CUST00751,2/25/2025,14611.02,NetBanking,Delivered
ORD03106,CUST00733,6/27/2024,11195.25,NetBanking,Cancelled
ORD03107,CUST00781,4/21/2025,14616.78,COD,Delivered
ORD03108,CUST00709,6/19/2024,7558.74,NetBanking,Cancelled
ORD03109,CUST00973,9/11/2024,1994.89,COD,Pending
ORD03110,CUST00237,2/12/2025,2770.43,Card,Cancelled
ORD03111,CUST00252,7/28/2024,458.25,COD,Delivered
ORD03112,CUST00421,1/16/2025,2185.09,UPI,Cancelled
ORD03113,CUST00972,4/1/2025,10798.56,Card,Cancelled
ORD03114,CUST00010,3/8/2024,13135.21,UPI,Pending
ORD03115,CUST00963,8/11/2024,1282.73,UPI,Cancelled
ORD03116,CUST00057,3/19/2024,4853.01,COD,Cancelled
ORD03117,CUST00668,12/7/2024,6416.4,COD,Pending
ORD03118,CUST00080,3/25/2025,4729.86,Card,Pending
ORD03119,CUST00935,1/13/2024,14012.42,UPI,Delivered
ORD03120,CUST00046,2/25/2024,1363.98,NetBanking,Pending
ORD03121,CUST00099,1/10/2025,12773.77,Card,Shipped
ORD03122,CUST00852,9/5/2024,7798.97,UPI,Shipped
ORD03123,CUST00288,1/20/2024,12028.88,COD,Delivered
ORD03124,CUST00961,7/16/2024,3797.48,UPI,Pending
ORD03125,CUST00521,5/10/2025,7202.36,NetBanking,Delivered
ORD03126,CUST00837,9/27/2024,10338.76,COD,Delivered
ORD03127,CUST00643,6/28/2024,720.73,COD,Cancelled
ORD03128,CUST00777,7/23/2024,8440.7,Card,Pending
ORD03129,CUST00181,9/2/2024,7955.28,UPI,Pending
ORD03130,CUST00160,5/1/2025,10775.13,Card,Delivered
ORD03131,CUST00654,1/5/2025,14756.04,UPI,Cancelled
ORD03132,CUST00159,8/17/2024,9557.65,COD,Shipped
ORD03133,CUST00431,6/29/2024,4384.22,COD,Shipped
ORD03134,CUST00742,1/7/2025,10736.43,UPI,Shipped
ORD03135,CUST00788,1/26/2024,6125.07,COD,Cancelled
ORD03136,CUST00657,2/22/2024,3978.49,NetBanking,Shipped
ORD03137,CUST00473,7/29/2024,13397.14,NetBanking,Pending
ORD03138,CUST00270,9/3/2024,8551.62,COD,Pending
ORD03139,CUST00528,9/26/2024,10903.62,COD,Cancelled
ORD03140,CUST00890,2/5/2024,8505.56,COD,Delivered
ORD03141,CUST00436,2/13/2024,4703.97,COD,Delivered
ORD03142,CUST00685,6/28/2024,9192.78,NetBanking,Pending
ORD03143,CUST00311,4/16/2024,3884.37,UPI,Delivered
ORD03144,CUST00641,4/14/2025,9906.15,Card,Shipped
ORD03145,CUST00738,1/9/2024,679.11,NetBanking,Cancelled
ORD03146,CUST00340,8/7/2024,11424.64,Card,Shipped
ORD03147,CUST00481,1/29/2025,10611.89,COD,Shipped
ORD03148,CUST00694,1/10/2024,3160.93,COD,Pending
ORD03149,CUST00571,12/18/2024,7319.26,Card,Pending
ORD03150,CUST00381,2/25/2024,4390.94,COD,Shipped
ORD03151,CUST00873,1/7/2024,1731.75,NetBanking,Delivered
ORD03152,CUST00977,3/11/2024,5749.24,NetBanking,Cancelled
ORD03153,CUST00025,6/13/2024,9941.13,NetBanking,Cancelled
ORD03154,CUST00033,10/29/2024,7707.76,UPI,Shipped
ORD03155,CUST00867,10/17/2024,7540.44,COD,Shipped
ORD03156,CUST00523,9/23/2024,7278.99,NetBanking,Pending
ORD03157,CUST00402,2/19/2024,3375.42,Card,Cancelled
ORD03158,CUST00539,5/7/2024,3452.43,UPI,Delivered
ORD03159,CUST00595,1/16/2024,1376.12,Card,Cancelled
ORD03160,CUST00630,3/21/2024,4746.76,Card,Delivered
ORD03161,CUST00709,9/8/2024,14610.14,NetBanking,Delivered
ORD03162,CUST00582,8/12/2024,8582.62,COD,Cancelled
ORD03163,CUST00424,5/18/2024,11368,Card,Pending
ORD03164,CUST00200,12/20/2024,5516.55,COD,Shipped
ORD03165,CUST00345,3/15/2024,2497,NetBanking,Pending
ORD03166,CUST00005,1/29/2024,2655.82,Card,Delivered
ORD03167,CUST00230,3/7/2024,13470.27,NetBanking,Delivered
ORD03168,CUST00392,7/9/2024,11204.66,COD,Delivered
ORD03169,CUST00369,4/4/2024,1366.43,NetBanking,Delivered
ORD03170,CUST00269,2/26/2025,1713.88,Card,Delivered
ORD03171,CUST00072,6/21/2024,6309.7,COD,Delivered
ORD03172,CUST00556,12/29/2024,12055.36,Card,Shipped
ORD03173,CUST00131,10/23/2024,7419.39,NetBanking,Cancelled
ORD03174,CUST00651,9/5/2024,9290.33,COD,Shipped
ORD03175,CUST00085,8/1/2024,5030.5,COD,Pending
ORD03176,CUST00331,11/9/2024,12471.09,NetBanking,Cancelled
ORD03177,CUST00160,6/4/2024,419.23,Card,Cancelled
ORD03178,CUST00569,12/21/2024,2407.79,COD,Shipped
ORD03179,CUST00073,1/5/2025,3815.88,COD,Shipped
ORD03180,CUST00079,8/24/2024,4643.01,UPI,Shipped
ORD03181,CUST00076,4/27/2025,12596.45,UPI,Delivered
ORD03182,CUST00157,12/22/2024,5827.83,COD,Delivered
ORD03183,CUST00270,4/16/2025,11862.2,Card,Pending
ORD03184,CUST00393,1/4/2024,1461.99,NetBanking,Pending
ORD03185,CUST00802,4/21/2025,11861.75,UPI,Delivered
ORD03186,CUST00595,2/21/2025,12102.71,Card,Cancelled
ORD03187,CUST00971,3/9/2025,5799.8,Card,Cancelled
ORD03188,CUST00498,1/6/2025,6256.26,Card,Cancelled
ORD03189,CUST00993,2/2/2024,869.94,NetBanking,Delivered
ORD03190,CUST00096,5/23/2024,3130.46,UPI,Delivered
ORD03191,CUST00967,2/26/2024,12896.41,UPI,Cancelled
ORD03192,CUST00972,1/5/2024,14752.45,UPI,Shipped
ORD03193,CUST00323,3/21/2024,9615.48,COD,Delivered
ORD03194,CUST00320,6/7/2024,6866.45,NetBanking,Pending
ORD03195,CUST00587,1/1/2024,11223.63,UPI,Pending
ORD03196,CUST00103,8/20/2024,4579.5,COD,Shipped
ORD03197,CUST00023,2/5/2024,3129.4,NetBanking,Cancelled
ORD03198,CUST00933,1/25/2025,5967.94,NetBanking,Pending
ORD03199,CUST00970,3/5/2024,11515.64,COD,Cancelled
ORD03200,CUST00484,12/4/2024,9074.72,UPI,Pending
ORD03201,CUST00275,1/6/2025,604.36,Card,Pending
ORD03202,CUST00265,5/15/2024,9349.91,COD,Delivered
ORD03203,CUST00966,11/5/2024,3599.12,UPI,Shipped
ORD03204,CUST00766,7/20/2024,14551.12,NetBanking,Delivered
ORD03205,CUST00836,4/5/2024,9525.09,NetBanking,Delivered
ORD03206,CUST00854,1/3/2024,5902.56,Card,Shipped
ORD03207,CUST00778,8/6/2024,12174.16,NetBanking,Shipped
ORD03208,CUST00067,4/26/2025,10601.78,UPI,Cancelled
ORD03209,CUST00948,9/7/2024,14229.68,Card,Delivered
ORD03210,CUST00857,12/16/2024,735.84,UPI,Pending
ORD03211,CUST00341,11/25/2024,4570.78,UPI,Shipped
ORD03212,CUST00232,6/13/2024,6063.24,COD,Cancelled
ORD03213,CUST00063,1/11/2024,4357.3,NetBanking,Pending
ORD03214,CUST00614,8/25/2024,4644.64,COD,Cancelled
ORD03215,CUST00259,9/17/2024,7848.11,COD,Delivered
ORD03216,CUST00666,4/4/2025,3847.55,UPI,Delivered
ORD03217,CUST00944,1/28/2024,13402.1,COD,Delivered
ORD03218,CUST00074,1/20/2025,6778.83,Card,Pending
ORD03219,CUST00588,6/9/2024,13630.31,Card,Shipped
ORD03220,CUST00957,2/21/2025,747.19,UPI,Delivered
ORD03221,CUST00907,4/21/2025,1293.49,UPI,Pending
ORD03222,CUST00054,3/2/2025,14891.97,NetBanking,Delivered
ORD03223,CUST00945,3/28/2024,1573.82,NetBanking,Cancelled
ORD03224,CUST00968,2/14/2024,14581.73,NetBanking,Cancelled
ORD03225,CUST00607,3/10/2025,6458.54,NetBanking,Shipped
ORD03226,CUST00239,4/28/2024,10050.63,NetBanking,Pending
ORD03227,CUST00948,12/25/2024,5268.16,Card,Shipped
ORD03228,CUST00112,10/17/2024,7304.66,UPI,Shipped
ORD03229,CUST00240,1/7/2025,5530.86,UPI,Delivered
ORD03230,CUST00633,6/8/2024,10482.03,Card,Pending
ORD03231,CUST00414,11/16/2024,14703.21,Card,Pending
ORD03232,CUST00115,1/2/2025,14367.22,COD,Pending
ORD03233,CUST00107,4/30/2024,14917.85,Card,Cancelled
ORD03234,CUST00438,1/25/2025,10478.16,Card,Cancelled
ORD03235,CUST00508,9/16/2024,10821.32,Card,Shipped
ORD03236,CUST00765,2/9/2025,12214.45,NetBanking,Pending
ORD03237,CUST00338,3/15/2025,14552.28,Card,Shipped
ORD03238,CUST00491,3/19/2025,9951.03,COD,Pending
ORD03239,CUST00095,12/5/2024,4059.46,UPI,Shipped
ORD03240,CUST00591,5/20/2024,3171.22,UPI,Pending
ORD03241,CUST00624,4/14/2025,5979.65,UPI,Pending
ORD03242,CUST00375,1/4/2024,5584.8,UPI,Pending
ORD03243,CUST00235,3/22/2025,12406.4,COD,Shipped
ORD03244,CUST00902,3/1/2024,10813.06,COD,Shipped
ORD03245,CUST00026,6/22/2024,6019.38,Card,Cancelled
ORD03246,CUST00270,1/19/2025,6018.54,COD,Shipped
ORD03247,CUST00607,2/23/2025,8119.7,COD,Delivered
ORD03248,CUST00962,2/22/2024,4580.37,NetBanking,Cancelled
ORD03249,CUST00006,9/5/2024,12734.93,Card,Shipped
ORD03250,CUST00678,5/8/2024,2158.34,UPI,Pending
ORD03251,CUST00977,7/22/2024,11260.97,Card,Cancelled
ORD03252,CUST00130,6/13/2024,9144.18,UPI,Cancelled
ORD03253,CUST00637,1/13/2024,13873.96,COD,Delivered
ORD03254,CUST00050,1/4/2024,10068.78,UPI,Delivered
ORD03255,CUST00838,2/12/2024,5035.2,UPI,Pending
ORD03256,CUST00867,2/6/2024,8864.21,Card,Cancelled
ORD03257,CUST00259,2/7/2025,14525.55,UPI,Shipped
ORD03258,CUST00090,4/30/2025,12860.15,UPI,Delivered
ORD03259,CUST00758,12/10/2024,8429.41,Card,Shipped
ORD03260,CUST00875,9/28/2024,4683.74,COD,Delivered
ORD03261,CUST00697,1/26/2025,10361.66,COD,Pending
ORD03262,CUST00202,3/6/2024,10173.04,Card,Delivered
ORD03263,CUST00271,2/1/2024,10046.6,UPI,Pending
ORD03264,CUST00911,12/12/2024,14170.25,COD,Shipped
ORD03265,CUST00423,11/17/2024,12869.96,NetBanking,Cancelled
ORD03266,CUST00430,1/6/2025,1239.07,Card,Shipped
ORD03267,CUST00791,2/6/2024,14871.46,Card,Shipped
ORD03268,CUST00421,1/11/2024,3357.18,UPI,Pending
ORD03269,CUST00295,2/24/2025,1999.15,COD,Delivered
ORD03270,CUST00645,11/22/2024,9485.2,Card,Delivered
ORD03271,CUST00195,3/20/2024,6319.21,UPI,Pending
ORD03272,CUST00245,11/7/2024,6468.7,Card,Cancelled
ORD03273,CUST00641,4/12/2025,9220.44,UPI,Pending
ORD03274,CUST00474,3/9/2025,6631.27,UPI,Shipped
ORD03275,CUST00231,3/16/2024,11766.98,UPI,Shipped
ORD03276,CUST00184,12/3/2024,14667.16,Card,Shipped
ORD03277,CUST00909,3/29/2025,9598.96,COD,Pending
ORD03278,CUST00105,4/11/2025,2787.11,Card,Pending
ORD03279,CUST00267,10/25/2024,9154.2,NetBanking,Shipped
ORD03280,CUST00191,4/24/2025,4832.72,COD,Cancelled
ORD03281,CUST00309,5/12/2024,10320.15,NetBanking,Shipped
ORD03282,CUST00944,2/14/2025,11255.49,COD,Pending
ORD03283,CUST00116,9/16/2024,13107.2,UPI,Delivered
ORD03284,CUST00802,6/7/2024,14572.18,Card,Delivered
ORD03285,CUST00264,8/6/2024,559.76,UPI,Cancelled
ORD03286,CUST00512,10/14/2024,7287.76,NetBanking,Cancelled
ORD03287,CUST00357,12/25/2024,8988.72,UPI,Pending
ORD03288,CUST00911,12/23/2024,2670.11,COD,Pending
ORD03289,CUST00625,4/20/2025,971.53,NetBanking,Delivered
ORD03290,CUST00156,12/18/2024,434.01,NetBanking,Pending
ORD03291,CUST00242,5/3/2025,7125.84,UPI,Pending
ORD03292,CUST00908,4/1/2024,10922.28,COD,Pending
ORD03293,CUST00024,1/6/2025,3402.19,Card,Cancelled
ORD03294,CUST00305,9/17/2024,1272.41,UPI,Shipped
ORD03295,CUST00328,11/14/2024,5301.57,COD,Pending
ORD03296,CUST00233,1/29/2025,10877.96,Card,Cancelled
ORD03297,CUST00501,5/15/2025,12820.18,NetBanking,Cancelled
ORD03298,CUST00578,2/4/2024,14432.72,Card,Cancelled
ORD03299,CUST00463,1/3/2025,4187.6,UPI,Delivered
ORD03300,CUST00491,2/2/2024,10196.11,COD,Pending
ORD03301,CUST00224,1/7/2024,10715.16,COD,Shipped
ORD03302,CUST00364,5/7/2025,6015.58,COD,Pending
ORD03303,CUST00106,2/23/2024,2572.63,NetBanking,Shipped
ORD03304,CUST00213,4/15/2024,653.31,UPI,Delivered
ORD03305,CUST00408,7/4/2024,14352.36,UPI,Shipped
ORD03306,CUST00988,10/22/2024,2658.7,NetBanking,Shipped
ORD03307,CUST00478,9/18/2024,3502.94,Card,Delivered
ORD03308,CUST00910,1/21/2024,7181.21,Card,Delivered
ORD03309,CUST00652,3/28/2024,6732.38,COD,Cancelled
ORD03310,CUST00942,1/25/2025,4501,NetBanking,Shipped
ORD03311,CUST00003,4/4/2024,7184.66,UPI,Delivered
ORD03312,CUST00460,11/11/2024,12705.32,NetBanking,Shipped
ORD03313,CUST00482,10/5/2024,3950.09,UPI,Pending
ORD03314,CUST00734,12/15/2024,2570.45,COD,Shipped
ORD03315,CUST00406,11/18/2024,5028.46,Card,Cancelled
ORD03316,CUST00340,6/29/2024,1552.34,UPI,Delivered
ORD03317,CUST00373,5/4/2025,13298.03,UPI,Delivered
ORD03318,CUST00311,11/12/2024,10391.81,NetBanking,Shipped
ORD03319,CUST00440,3/6/2024,13181.28,Card,Delivered
ORD03320,CUST00215,1/7/2024,6391.46,COD,Shipped
ORD03321,CUST00247,3/7/2024,4969.13,Card,Shipped
ORD03322,CUST00723,1/2/2024,13585.34,NetBanking,Shipped
ORD03323,CUST00839,3/25/2025,9668.23,Card,Pending
ORD03324,CUST00827,6/18/2024,3229.73,UPI,Pending
ORD03325,CUST00587,1/27/2025,2294.88,UPI,Delivered
ORD03326,CUST00426,3/22/2025,10700.07,Card,Delivered
ORD03327,CUST00861,8/4/2024,13517.81,COD,Pending
ORD03328,CUST00572,3/4/2025,7174.43,NetBanking,Delivered
ORD03329,CUST00212,5/7/2024,12900.3,NetBanking,Cancelled
ORD03330,CUST00932,5/22/2024,3940.27,UPI,Pending
ORD03331,CUST00447,2/20/2024,5986.26,COD,Delivered
ORD03332,CUST00703,1/16/2024,8289.61,NetBanking,Cancelled
ORD03333,CUST00029,10/9/2024,1677.82,UPI,Pending
ORD03334,CUST00307,7/27/2024,2311.98,COD,Shipped
ORD03335,CUST00004,9/21/2024,8877.96,NetBanking,Delivered
ORD03336,CUST00368,3/1/2024,289.85,UPI,Pending
ORD03337,CUST00587,11/11/2024,14677.73,COD,Delivered
ORD03338,CUST00737,1/9/2025,11637.98,UPI,Cancelled
ORD03339,CUST00167,3/4/2025,10683.55,NetBanking,Shipped
ORD03340,CUST00251,12/23/2024,10505.45,Card,Delivered
ORD03341,CUST00516,6/15/2024,12594.31,Card,Pending
ORD03342,CUST00456,11/27/2024,9612.22,Card,Cancelled
ORD03343,CUST00278,4/16/2025,11154.52,NetBanking,Pending
ORD03344,CUST00179,7/26/2024,14088.61,Card,Cancelled
ORD03345,CUST00791,1/24/2024,1776.3,UPI,Cancelled
ORD03346,CUST00163,2/1/2025,12292.66,NetBanking,Pending
ORD03347,CUST00186,3/3/2025,7052.5,Card,Pending
ORD03348,CUST00227,1/21/2024,1420.35,COD,Cancelled
ORD03349,CUST00602,9/29/2024,476.48,Card,Delivered
ORD03350,CUST00931,5/10/2024,14464.85,UPI,Pending
ORD03351,CUST00857,3/1/2024,8244.82,UPI,Cancelled
ORD03352,CUST00923,2/27/2025,2142.45,Card,Cancelled
ORD03353,CUST00720,5/5/2025,5061.46,NetBanking,Cancelled
ORD03354,CUST00901,11/1/2024,2879.49,NetBanking,Cancelled
ORD03355,CUST00417,10/15/2024,6755.73,COD,Pending
ORD03356,CUST00622,11/2/2024,14741.81,UPI,Delivered
ORD03357,CUST00193,12/14/2024,11821.77,Card,Delivered
ORD03358,CUST00313,12/28/2024,11427.22,COD,Pending
ORD03359,CUST00147,5/12/2025,6743.85,NetBanking,Cancelled
ORD03360,CUST00889,1/27/2025,10305.87,UPI,Pending
ORD03361,CUST00563,1/1/2024,8635.81,NetBanking,Pending
ORD03362,CUST00972,4/11/2025,776.84,UPI,Cancelled
ORD03363,CUST00951,12/3/2024,14471.06,Card,Delivered
ORD03364,CUST00211,2/1/2025,3180.98,COD,Delivered
ORD03365,CUST00938,1/4/2024,7807.46,NetBanking,Pending
ORD03366,CUST00698,8/9/2024,11275.33,Card,Shipped
ORD03367,CUST00704,1/4/2024,14828.16,COD,Cancelled
ORD03368,CUST00925,7/18/2024,1766.25,UPI,Shipped
ORD03369,CUST00858,1/9/2025,8669.23,COD,Shipped
ORD03370,CUST00108,8/26/2024,9574.34,NetBanking,Pending
ORD03371,CUST00050,4/23/2025,13703.01,Card,Shipped
ORD03372,CUST00694,9/23/2024,7389.1,NetBanking,Shipped
ORD03373,CUST00375,9/19/2024,11061.43,COD,Delivered
ORD03374,CUST00792,10/6/2024,11551.44,Card,Pending
ORD03375,CUST00714,7/21/2024,3792.15,UPI,Delivered
ORD03376,CUST00243,8/28/2024,7547.33,NetBanking,Cancelled
ORD03377,CUST00284,2/4/2025,4826.97,NetBanking,Cancelled
ORD03378,CUST00113,5/21/2024,12779.99,UPI,Pending
ORD03379,CUST00596,7/25/2024,13603.27,Card,Pending
ORD03380,CUST00395,3/10/2024,9675.69,NetBanking,Cancelled
ORD03381,CUST00238,11/30/2024,4606.23,COD,Cancelled
ORD03382,CUST00112,10/17/2024,10402.67,UPI,Cancelled
ORD03383,CUST00350,5/7/2024,8780.14,Card,Cancelled
ORD03384,CUST00642,5/3/2025,9625.09,UPI,Pending
ORD03385,CUST00621,2/19/2025,10619.83,COD,Cancelled
ORD03386,CUST00876,9/16/2024,4850.54,Card,Pending
ORD03387,CUST00427,6/17/2024,10056.7,UPI,Pending
ORD03388,CUST00539,9/1/2024,4779.56,Card,Cancelled
ORD03389,CUST00040,12/12/2024,7434.32,Card,Delivered
ORD03390,CUST00668,8/14/2024,10114.87,COD,Pending
ORD03391,CUST00398,5/5/2025,1590.01,Card,Cancelled
ORD03392,CUST00027,12/2/2024,9700.4,UPI,Pending
ORD03393,CUST00548,9/17/2024,3425.1,Card,Shipped
ORD03394,CUST00203,4/7/2024,10789.35,NetBanking,Cancelled
ORD03395,CUST00242,1/7/2024,13582.01,COD,Cancelled
ORD03396,CUST00977,3/7/2024,8404.02,UPI,Shipped
ORD03397,CUST00090,4/24/2024,11521.69,Card,Pending
ORD03398,CUST00201,6/10/2024,2547.61,Card,Cancelled
ORD03399,CUST00688,12/21/2024,10721.84,UPI,Cancelled
ORD03400,CUST00462,11/15/2024,2506.95,UPI,Shipped
ORD03401,CUST00992,3/12/2024,2093.79,NetBanking,Pending
ORD03402,CUST00077,9/6/2024,4521.88,NetBanking,Delivered
ORD03403,CUST00249,10/26/2024,10713.35,NetBanking,Cancelled
ORD03404,CUST00712,6/25/2024,6881.97,UPI,Shipped
ORD03405,CUST00042,1/19/2024,6283.88,COD,Cancelled
ORD03406,CUST00200,2/7/2024,6387.83,NetBanking,Cancelled
ORD03407,CUST00956,4/24/2025,11935.91,NetBanking,Pending
ORD03408,CUST00402,2/13/2025,1845.12,Card,Delivered
ORD03409,CUST00578,10/9/2024,3889.37,UPI,Shipped
ORD03410,CUST00694,9/1/2024,11039.8,UPI,Pending
ORD03411,CUST00031,6/15/2024,6676.47,COD,Delivered
ORD03412,CUST00158,4/8/2025,2699.13,Card,Shipped
ORD03413,CUST00728,12/1/2024,9558.34,NetBanking,Pending
ORD03414,CUST00291,5/31/2024,6404.85,NetBanking,Shipped
ORD03415,CUST00005,12/9/2024,14064.79,NetBanking,Cancelled
ORD03416,CUST00831,6/14/2024,14105.75,NetBanking,Delivered
ORD03417,CUST00993,3/5/2024,6236.77,NetBanking,Pending
ORD03418,CUST00512,1/4/2024,7576.6,NetBanking,Shipped
ORD03419,CUST00662,4/28/2024,2226.1,COD,Shipped
ORD03420,CUST00741,10/22/2024,9088.97,NetBanking,Pending
ORD03421,CUST00030,1/19/2024,7889.32,Card,Pending
ORD03422,CUST00387,10/16/2024,10868.92,Card,Pending
ORD03423,CUST00952,3/31/2025,8529.53,Card,Shipped
ORD03424,CUST00064,3/17/2024,8550.66,NetBanking,Cancelled
ORD03425,CUST00024,12/12/2024,6126.08,COD,Delivered
ORD03426,CUST00659,8/9/2024,14090.56,COD,Delivered
ORD03427,CUST00739,4/14/2025,1193.6,NetBanking,Delivered
ORD03428,CUST00040,3/29/2024,1026.09,Card,Cancelled
ORD03429,CUST00627,6/7/2024,690.84,COD,Pending
ORD03430,CUST00168,4/2/2025,13702.99,COD,Shipped
ORD03431,CUST00076,1/7/2025,8358.25,Card,Shipped
ORD03432,CUST00703,1/21/2025,12304.88,UPI,Shipped
ORD03433,CUST00942,10/22/2024,5793.28,Card,Delivered
ORD03434,CUST00871,1/2/2024,5190.19,UPI,Pending
ORD03435,CUST00164,2/13/2024,2765.38,COD,Delivered
ORD03436,CUST00057,3/19/2025,13486.19,Card,Shipped
ORD03437,CUST00239,9/18/2024,9855.04,COD,Cancelled
ORD03438,CUST00465,4/3/2024,11735.18,NetBanking,Cancelled
ORD03439,CUST00574,11/13/2024,4997.43,COD,Shipped
ORD03440,CUST00561,4/1/2025,14016.28,UPI,Pending
ORD03441,CUST00155,4/9/2024,2549.94,UPI,Delivered
ORD03442,CUST00432,3/26/2024,14645.39,UPI,Cancelled
ORD03443,CUST00426,5/12/2024,10614.59,NetBanking,Cancelled
ORD03444,CUST00759,3/11/2024,13239.38,COD,Pending
ORD03445,CUST00865,1/7/2024,8604.45,UPI,Pending
ORD03446,CUST00851,3/29/2025,14271.96,COD,Shipped
ORD03447,CUST00643,12/21/2024,4004.63,NetBanking,Shipped
ORD03448,CUST00473,7/4/2024,3419.28,COD,Cancelled
ORD03449,CUST00507,8/28/2024,8302.33,NetBanking,Delivered
ORD03450,CUST00004,8/14/2024,12194.86,NetBanking,Pending
ORD03451,CUST00491,6/11/2024,7127.92,UPI,Pending
ORD03452,CUST00146,2/14/2024,13592.25,COD,Shipped
ORD03453,CUST00314,10/6/2024,2494.94,UPI,Shipped
ORD03454,CUST00816,9/19/2024,14835.78,COD,Delivered
ORD03455,CUST00660,12/28/2024,11387.16,NetBanking,Delivered
ORD03456,CUST00028,8/12/2024,219.39,Card,Pending
ORD03457,CUST00661,2/8/2024,7836,COD,Delivered
ORD03458,CUST00397,6/20/2024,10983.81,COD,Delivered
ORD03459,CUST00207,2/10/2025,1299.21,COD,Pending
ORD03460,CUST00484,6/5/2024,14547.33,NetBanking,Delivered
ORD03461,CUST00478,3/14/2024,8822.97,Card,Delivered
ORD03462,CUST00179,3/26/2025,11462.35,NetBanking,Shipped
ORD03463,CUST00702,10/12/2024,5542.26,NetBanking,Cancelled
ORD03464,CUST00859,2/12/2024,6103.86,UPI,Delivered
ORD03465,CUST00619,10/22/2024,1466.88,NetBanking,Delivered
ORD03466,CUST00451,9/24/2024,240.89,UPI,Pending
ORD03467,CUST00709,1/1/2024,7813.66,COD,Pending
ORD03468,CUST00920,3/22/2025,1721.02,Card,Delivered
ORD03469,CUST00479,9/2/2024,9803.19,UPI,Pending
ORD03470,CUST00293,2/27/2025,1061.58,Card,Shipped
ORD03471,CUST00999,8/5/2024,8309.98,NetBanking,Pending
ORD03472,CUST00389,11/1/2024,6904.57,Card,Cancelled
ORD03473,CUST00086,7/30/2024,10111.43,NetBanking,Delivered
ORD03474,CUST00036,2/16/2024,13910.32,UPI,Delivered
ORD03475,CUST00481,12/12/2024,954.74,UPI,Pending
ORD03476,CUST00755,10/11/2024,5559.39,Card,Delivered
ORD03477,CUST00050,7/9/2024,2399.24,NetBanking,Pending
ORD03478,CUST00703,3/24/2024,11486.5,Card,Shipped
ORD03479,CUST00084,1/17/2024,376.94,Card,Pending
ORD03480,CUST00927,7/5/2024,9440.68,COD,Cancelled
ORD03481,CUST00472,11/27/2024,10181.7,NetBanking,Shipped
ORD03482,CUST00614,3/20/2025,6449.46,COD,Cancelled
ORD03483,CUST00852,5/10/2024,11449.24,NetBanking,Shipped
ORD03484,CUST00680,7/15/2024,10237.38,NetBanking,Shipped
ORD03485,CUST00289,1/29/2024,1434.03,NetBanking,Delivered
ORD03486,CUST00798,6/27/2024,10838.22,COD,Cancelled
ORD03487,CUST00964,1/21/2024,11941.51,NetBanking,Delivered
ORD03488,CUST00920,4/6/2025,14931.41,Card,Pending
ORD03489,CUST00800,4/24/2025,14752.83,Card,Pending
ORD03490,CUST00434,2/8/2025,11984.08,COD,Pending
ORD03491,CUST00547,7/13/2024,1905.14,COD,Delivered
ORD03492,CUST00543,3/4/2025,4939.41,COD,Delivered
ORD03493,CUST00815,2/17/2025,6975.52,UPI,Cancelled
ORD03494,CUST00306,9/23/2024,9307.58,COD,Delivered
ORD03495,CUST00280,5/20/2024,8905.82,UPI,Delivered
ORD03496,CUST00979,4/18/2024,12328.41,NetBanking,Pending
ORD03497,CUST00291,3/28/2024,11070.18,NetBanking,Pending
ORD03498,CUST00272,5/10/2024,5094.38,COD,Shipped
ORD03499,CUST00265,4/3/2024,5733.5,Card,Cancelled
ORD03500,CUST00998,3/15/2024,6732.3,UPI,Delivered
ORD03501,CUST00120,4/6/2025,1539.83,UPI,Cancelled
ORD03502,CUST00710,2/13/2025,12951.71,NetBanking,Pending
ORD03503,CUST00435,12/12/2024,13476.6,NetBanking,Shipped
ORD03504,CUST00170,2/23/2025,1330.34,NetBanking,Pending
ORD03505,CUST00513,3/1/2024,10056.92,UPI,Pending
ORD03506,CUST00712,1/5/2025,3138.68,NetBanking,Delivered
ORD03507,CUST00778,3/25/2025,790.27,Card,Shipped
ORD03508,CUST00880,12/2/2024,6395.15,Card,Cancelled
ORD03509,CUST00992,11/11/2024,14234.41,Card,Delivered
ORD03510,CUST00872,6/20/2024,5111.86,Card,Pending
ORD03511,CUST00811,4/16/2025,8311.3,UPI,Shipped
ORD03512,CUST00066,5/10/2025,12837.2,NetBanking,Pending
ORD03513,CUST00700,5/12/2025,3979.69,NetBanking,Pending
ORD03514,CUST00396,6/5/2024,272.81,Card,Shipped
ORD03515,CUST00467,4/23/2025,14384.48,COD,Cancelled
ORD03516,CUST00486,12/15/2024,14802.67,Card,Delivered
ORD03517,CUST00441,5/14/2024,1362.14,Card,Pending
ORD03518,CUST00549,6/21/2024,901.81,NetBanking,Cancelled
ORD03519,CUST00148,2/13/2025,9398.12,Card,Pending
ORD03520,CUST00886,8/16/2024,14152.55,COD,Pending
ORD03521,CUST00555,10/28/2024,7966.1,COD,Cancelled
ORD03522,CUST00286,5/30/2024,5074.96,NetBanking,Pending
ORD03523,CUST00302,1/23/2025,14503.85,Card,Cancelled
ORD03524,CUST00119,1/3/2024,13787.4,Card,Shipped
ORD03525,CUST00912,7/31/2024,13770.7,NetBanking,Pending
ORD03526,CUST00713,4/3/2024,6914.44,UPI,Shipped
ORD03527,CUST00386,5/8/2024,13458.03,UPI,Delivered
ORD03528,CUST00861,3/19/2024,4326.24,NetBanking,Cancelled
ORD03529,CUST00619,9/2/2024,3787.54,NetBanking,Pending
ORD03530,CUST00944,3/1/2024,13328.89,NetBanking,Pending
ORD03531,CUST00823,10/10/2024,6150.53,Card,Shipped
ORD03532,CUST00918,3/20/2025,1119.12,COD,Delivered
ORD03533,CUST00429,12/2/2024,5162.26,NetBanking,Delivered
ORD03534,CUST00324,3/19/2025,14523.45,UPI,Pending
ORD03535,CUST00135,1/18/2024,10656.98,COD,Cancelled
ORD03536,CUST00255,5/3/2024,982.29,COD,Shipped
ORD03537,CUST00907,2/17/2025,13721.14,COD,Delivered
ORD03538,CUST00424,10/1/2024,9608.95,Card,Cancelled
ORD03539,CUST00468,6/1/2024,13108.63,NetBanking,Pending
ORD03540,CUST00883,4/6/2024,1126.88,UPI,Shipped
ORD03541,CUST00079,11/16/2024,3303.66,UPI,Pending
ORD03542,CUST00868,10/5/2024,2952.92,COD,Delivered
ORD03543,CUST00405,4/8/2025,6359.71,NetBanking,Cancelled
ORD03544,CUST00638,6/26/2024,12954.14,NetBanking,Pending
ORD03545,CUST00238,7/11/2024,5433.86,NetBanking,Cancelled
ORD03546,CUST00536,2/10/2024,13965.37,Card,Shipped
ORD03547,CUST00143,6/22/2024,1325.19,Card,Pending
ORD03548,CUST00599,8/9/2024,814.25,NetBanking,Cancelled
ORD03549,CUST00604,7/18/2024,13850.67,NetBanking,Shipped
ORD03550,CUST00514,10/1/2024,13380.31,NetBanking,Pending
ORD03551,CUST00037,3/28/2025,5059.41,UPI,Shipped
ORD03552,CUST00686,2/10/2024,3459.25,Card,Pending
ORD03553,CUST00812,2/16/2024,11057.08,Card,Shipped
ORD03554,CUST00164,1/16/2025,13785.87,Card,Pending
ORD03555,CUST00391,4/28/2025,7939.72,NetBanking,Shipped
ORD03556,CUST00454,2/7/2025,13956.12,COD,Pending
ORD03557,CUST00438,3/10/2024,14182.17,NetBanking,Shipped
ORD03558,CUST00148,8/29/2024,8031.93,COD,Delivered
ORD03559,CUST00250,1/4/2025,2413.24,COD,Pending
ORD03560,CUST00232,10/14/2024,12501.2,COD,Delivered
ORD03561,CUST00762,5/4/2025,307.35,Card,Shipped
ORD03562,CUST00228,2/25/2025,4136.2,NetBanking,Cancelled
ORD03563,CUST00249,9/2/2024,5263.42,COD,Shipped
ORD03564,CUST00977,4/8/2024,9825.54,COD,Pending
ORD03565,CUST00731,11/25/2024,11553.13,UPI,Cancelled
ORD03566,CUST00219,6/18/2024,5226.92,NetBanking,Pending
ORD03567,CUST00063,4/21/2024,14134.47,COD,Shipped
ORD03568,CUST00652,1/16/2025,10104.07,Card,Shipped
ORD03569,CUST00353,10/8/2024,12274.06,COD,Delivered
ORD03570,CUST00727,6/8/2024,2615.61,NetBanking,Delivered
ORD03571,CUST00745,1/25/2025,14570.19,NetBanking,Cancelled
ORD03572,CUST00298,6/21/2024,13641.98,Card,Pending
ORD03573,CUST00938,4/1/2025,14749.35,UPI,Cancelled
ORD03574,CUST00107,2/23/2024,6350.42,UPI,Cancelled
ORD03575,CUST00598,2/7/2025,6435.62,NetBanking,Pending
ORD03576,CUST00661,3/21/2025,7011.47,COD,Cancelled
ORD03577,CUST00624,7/13/2024,350.36,NetBanking,Cancelled
ORD03578,CUST00688,1/17/2025,6582.27,Card,Shipped
ORD03579,CUST00729,4/5/2024,2839.07,UPI,Shipped
ORD03580,CUST00558,5/25/2024,9113.86,NetBanking,Pending
ORD03581,CUST00707,4/15/2025,6678.01,UPI,Pending
ORD03582,CUST00166,4/1/2025,3739.45,NetBanking,Cancelled
ORD03583,CUST00861,10/25/2024,8973.8,NetBanking,Shipped
ORD03584,CUST00282,8/3/2024,670.25,COD,Delivered
ORD03585,CUST00569,11/21/2024,9000.67,Card,Delivered
ORD03586,CUST00132,2/13/2024,14172.01,UPI,Shipped
ORD03587,CUST00979,3/16/2025,3825.1,UPI,Delivered
ORD03588,CUST00739,5/3/2024,14190.77,COD,Delivered
ORD03589,CUST00778,3/19/2025,5763.63,Card,Shipped
ORD03590,CUST00435,7/1/2024,8335.91,UPI,Cancelled
ORD03591,CUST00909,4/1/2025,8312.09,UPI,Delivered
ORD03592,CUST00690,10/3/2024,450.25,UPI,Cancelled
ORD03593,CUST00224,2/23/2025,3259.25,NetBanking,Shipped
ORD03594,CUST00414,6/15/2024,6984.09,Card,Pending
ORD03595,CUST00170,9/8/2024,7770.11,COD,Delivered
ORD03596,CUST00949,6/12/2024,5838.38,COD,Cancelled
ORD03597,CUST00714,8/24/2024,13764.48,NetBanking,Cancelled
ORD03598,CUST00507,5/6/2025,5241.27,NetBanking,Cancelled
ORD03599,CUST00377,5/14/2025,576.19,NetBanking,Cancelled
ORD03600,CUST00665,4/4/2025,3751.86,COD,Shipped
ORD03601,CUST00728,10/15/2024,9546.81,COD,Delivered
ORD03602,CUST00527,6/2/2024,5595.34,NetBanking,Delivered
ORD03603,CUST00230,10/13/2024,9439.13,Card,Cancelled
ORD03604,CUST00757,3/8/2024,12827.96,NetBanking,Shipped
ORD03605,CUST00956,2/18/2025,1113.2,COD,Shipped
ORD03606,CUST00778,1/31/2025,1299.73,NetBanking,Delivered
ORD03607,CUST00069,3/23/2025,9231.82,Card,Delivered
ORD03608,CUST00853,6/2/2024,13633.63,COD,Cancelled
ORD03609,CUST00303,12/29/2024,4931.11,UPI,Shipped
ORD03610,CUST00809,1/21/2024,12141.13,Card,Pending
ORD03611,CUST00395,11/18/2024,11522.51,NetBanking,Pending
ORD03612,CUST00027,4/13/2024,7790.78,Card,Cancelled
ORD03613,CUST00059,5/1/2025,2990.58,NetBanking,Shipped
ORD03614,CUST00741,3/29/2024,14070.44,Card,Cancelled
ORD03615,CUST00293,3/25/2025,342.18,Card,Shipped
ORD03616,CUST00447,1/30/2025,3656.56,UPI,Cancelled
ORD03617,CUST00181,2/16/2024,11998.81,UPI,Delivered
ORD03618,CUST00736,7/4/2024,12490.71,Card,Cancelled
ORD03619,CUST00586,9/1/2024,4891.37,UPI,Delivered
ORD03620,CUST00948,5/24/2024,12296.03,NetBanking,Delivered
ORD03621,CUST00820,3/10/2024,13681.27,Card,Shipped
ORD03622,CUST00310,6/15/2024,6218.22,UPI,Delivered
ORD03623,CUST00990,5/3/2025,11769.58,Card,Cancelled
ORD03624,CUST00987,1/14/2025,11001.94,Card,Cancelled
ORD03625,CUST00515,2/14/2025,10708.77,COD,Delivered
ORD03626,CUST00220,4/13/2024,9092.23,COD,Shipped
ORD03627,CUST00473,4/1/2025,6527.28,COD,Delivered
ORD03628,CUST00506,4/5/2024,3740.41,Card,Delivered
ORD03629,CUST00120,1/28/2025,2430.91,Card,Delivered
ORD03630,CUST00713,3/28/2025,10674.69,UPI,Shipped
ORD03631,CUST00095,1/21/2024,4491.99,NetBanking,Delivered
ORD03632,CUST00633,3/24/2024,7979.51,UPI,Delivered
ORD03633,CUST00389,10/23/2024,10225.92,NetBanking,Cancelled
ORD03634,CUST00193,3/21/2024,1931.85,UPI,Delivered
ORD03635,CUST00158,9/19/2024,1237.53,Card,Shipped
ORD03636,CUST00402,6/13/2024,14470.54,Card,Delivered
ORD03637,CUST00983,8/14/2024,2443.75,COD,Pending
ORD03638,CUST00056,9/7/2024,14877.18,UPI,Pending
ORD03639,CUST00012,2/13/2024,12902.21,Card,Delivered
ORD03640,CUST00118,11/12/2024,13340.28,COD,Cancelled
ORD03641,CUST00329,1/19/2024,12234.48,UPI,Delivered
ORD03642,CUST00740,5/2/2024,3247.97,Card,Delivered
ORD03643,CUST00909,1/25/2025,14794.32,NetBanking,Cancelled
ORD03644,CUST00377,10/30/2024,6561.89,COD,Delivered
ORD03645,CUST00916,5/11/2024,7884.73,COD,Cancelled
ORD03646,CUST00847,1/30/2024,10790.26,COD,Cancelled
ORD03647,CUST00721,1/19/2025,2471.74,COD,Shipped
ORD03648,CUST00078,4/25/2024,12417.54,Card,Delivered
ORD03649,CUST00027,7/20/2024,12561.67,COD,Delivered
ORD03650,CUST00668,2/17/2024,14591.81,UPI,Cancelled
ORD03651,CUST00911,1/29/2025,10412.39,COD,Delivered
ORD03652,CUST00193,5/3/2025,11443.44,COD,Shipped
ORD03653,CUST00435,1/31/2024,6104.27,COD,Delivered
ORD03654,CUST00354,1/7/2024,8988.36,NetBanking,Pending
ORD03655,CUST00612,4/12/2025,12967.4,COD,Pending
ORD03656,CUST00620,12/17/2024,3834.35,Card,Shipped
ORD03657,CUST00707,4/21/2024,7025.95,UPI,Pending
ORD03658,CUST00761,2/25/2024,10281.57,UPI,Delivered
ORD03659,CUST00508,10/23/2024,13026.39,UPI,Cancelled
ORD03660,CUST00050,12/1/2024,8479.61,Card,Shipped
ORD03661,CUST00222,4/3/2024,4614.02,UPI,Pending
ORD03662,CUST00911,6/21/2024,8110.85,COD,Cancelled
ORD03663,CUST00903,5/26/2024,10498.5,Card,Shipped
ORD03664,CUST00480,5/4/2024,5158.8,UPI,Pending
ORD03665,CUST00146,4/5/2024,7964.06,NetBanking,Shipped
ORD03666,CUST00383,12/17/2024,8346.06,NetBanking,Cancelled
ORD03667,CUST00324,7/1/2024,14984.26,UPI,Shipped
ORD03668,CUST00788,11/13/2024,1892.05,COD,Delivered
ORD03669,CUST00220,5/8/2025,13806.2,Card,Shipped
ORD03670,CUST00508,8/7/2024,8231.38,Card,Pending
ORD03671,CUST00406,4/10/2024,13194.91,Card,Shipped
ORD03672,CUST00247,5/2/2025,8071.96,UPI,Cancelled
ORD03673,CUST00242,12/21/2024,6285.68,COD,Cancelled
ORD03674,CUST00319,9/22/2024,6316.77,NetBanking,Pending
ORD03675,CUST00492,1/12/2025,14167.21,NetBanking,Delivered
ORD03676,CUST00237,7/20/2024,7468.19,UPI,Shipped
ORD03677,CUST00410,1/20/2024,3574.18,COD,Cancelled
ORD03678,CUST00912,6/25/2024,2696.12,COD,Pending
ORD03679,CUST00039,7/23/2024,2003.06,NetBanking,Cancelled
ORD03680,CUST00526,1/3/2024,1730.89,NetBanking,Cancelled
ORD03681,CUST00082,2/13/2025,5674.1,Card,Delivered
ORD03682,CUST00320,12/27/2024,10727.82,COD,Delivered
ORD03683,CUST00425,2/7/2024,8177.42,UPI,Delivered
ORD03684,CUST00396,6/6/2024,13778.01,Card,Pending
ORD03685,CUST00092,2/8/2024,7842.68,Card,Pending
ORD03686,CUST00767,1/18/2025,527.6,NetBanking,Cancelled
ORD03687,CUST00727,6/22/2024,9532.77,COD,Cancelled
ORD03688,CUST00265,4/10/2025,2796.66,COD,Shipped
ORD03689,CUST00519,7/13/2024,11345.28,Card,Pending
ORD03690,CUST00092,8/19/2024,14831.85,UPI,Shipped
ORD03691,CUST00899,5/28/2024,12029.58,NetBanking,Cancelled
ORD03692,CUST00347,5/23/2024,12744.47,NetBanking,Pending
ORD03693,CUST00435,2/7/2025,624.2,Card,Delivered
ORD03694,CUST00089,3/11/2025,1572.19,COD,Shipped
ORD03695,CUST00509,3/18/2024,11676.46,Card,Pending
ORD03696,CUST00602,2/13/2025,7179.33,NetBanking,Shipped
ORD03697,CUST00102,12/19/2024,9844.17,COD,Shipped
ORD03698,CUST00817,7/18/2024,8049.58,NetBanking,Delivered
ORD03699,CUST00595,4/27/2025,5007.69,COD,Delivered
ORD03700,CUST00600,2/8/2025,3066.44,UPI,Delivered
ORD03701,CUST00700,7/27/2024,13797.08,NetBanking,Delivered
ORD03702,CUST00117,10/5/2024,1230.57,COD,Cancelled
ORD03703,CUST00913,3/14/2025,11353.53,UPI,Shipped
ORD03704,CUST00836,5/20/2024,8009.81,NetBanking,Cancelled
ORD03705,CUST00893,4/6/2024,11233.48,COD,Pending
ORD03706,CUST00016,1/18/2024,10427.2,Card,Pending
ORD03707,CUST00585,4/20/2025,5094.65,NetBanking,Delivered
ORD03708,CUST00831,6/5/2024,2882.39,NetBanking,Cancelled
ORD03709,CUST00628,5/25/2024,11282.93,COD,Cancelled
ORD03710,CUST00142,5/30/2024,12562.54,COD,Cancelled
ORD03711,CUST00446,3/8/2025,2130.37,NetBanking,Shipped
ORD03712,CUST00008,9/13/2024,14514.99,UPI,Pending
ORD03713,CUST00953,5/10/2025,11188.79,UPI,Pending
ORD03714,CUST00278,4/14/2024,4729.29,NetBanking,Cancelled
ORD03715,CUST00189,10/26/2024,3666.68,UPI,Pending
ORD03716,CUST00218,12/30/2024,8351.88,Card,Pending
ORD03717,CUST00932,5/22/2024,11037.79,COD,Delivered
ORD03718,CUST00979,12/17/2024,10316.04,UPI,Delivered
ORD03719,CUST00456,2/16/2024,388.84,UPI,Shipped
ORD03720,CUST00730,12/15/2024,9419.84,NetBanking,Pending
ORD03721,CUST00975,7/26/2024,1308.4,Card,Delivered
ORD03722,CUST00278,3/14/2025,13134.56,NetBanking,Cancelled
ORD03723,CUST00716,2/16/2024,13830.82,NetBanking,Shipped
ORD03724,CUST00723,11/16/2024,13387.2,Card,Cancelled
ORD03725,CUST00360,12/31/2024,11653.25,Card,Shipped
ORD03726,CUST00174,9/4/2024,10182.64,COD,Cancelled
ORD03727,CUST00416,3/16/2025,9944.84,UPI,Shipped
ORD03728,CUST00941,1/25/2024,2250.11,NetBanking,Pending
ORD03729,CUST00653,5/20/2024,6953.9,COD,Delivered
ORD03730,CUST00085,2/27/2025,5256.44,Card,Delivered
ORD03731,CUST00538,3/3/2025,13006.51,COD,Delivered
ORD03732,CUST00912,12/11/2024,7921.76,NetBanking,Delivered
ORD03733,CUST00739,4/22/2025,14052.93,COD,Delivered
ORD03734,CUST00427,2/29/2024,1965.05,NetBanking,Pending
ORD03735,CUST00261,5/11/2024,5851.01,UPI,Delivered
ORD03736,CUST00877,10/25/2024,7671.59,UPI,Pending
ORD03737,CUST00820,7/4/2024,4690.78,NetBanking,Pending
ORD03738,CUST00983,4/18/2024,11028.7,NetBanking,Shipped
ORD03739,CUST00509,5/3/2024,14999.84,COD,Cancelled
ORD03740,CUST00691,10/13/2024,12613.98,COD,Pending
ORD03741,CUST00058,1/3/2024,7137.59,UPI,Shipped
ORD03742,CUST00249,6/23/2024,2754.21,UPI,Shipped
ORD03743,CUST00769,2/14/2024,9817.06,UPI,Shipped
ORD03744,CUST00170,1/21/2025,6211.45,UPI,Pending
ORD03745,CUST00416,12/6/2024,6296.63,UPI,Shipped
ORD03746,CUST00441,10/4/2024,5536.67,Card,Shipped
ORD03747,CUST00585,2/28/2025,9769.49,NetBanking,Pending
ORD03748,CUST00420,2/2/2024,4750.1,Card,Delivered
ORD03749,CUST00735,1/28/2025,217.22,UPI,Shipped
ORD03750,CUST00763,12/15/2024,7191.32,UPI,Pending
ORD03751,CUST00831,1/24/2024,3840.32,UPI,Pending
ORD03752,CUST00731,4/15/2025,10634.72,COD,Shipped
ORD03753,CUST00038,3/25/2024,7580.92,UPI,Shipped
ORD03754,CUST00517,5/19/2024,4215.53,Card,Pending
ORD03755,CUST00740,9/8/2024,4706.13,COD,Pending
ORD03756,CUST00701,4/23/2025,2804.84,COD,Cancelled
ORD03757,CUST00873,1/31/2024,7226.62,NetBanking,Cancelled
ORD03758,CUST00349,2/19/2025,6045.52,COD,Shipped
ORD03759,CUST00483,8/6/2024,6048.47,NetBanking,Delivered
ORD03760,CUST00613,1/30/2025,7745.5,UPI,Pending
ORD03761,CUST00278,10/27/2024,7576.5,NetBanking,Delivered
ORD03762,CUST00942,3/15/2025,12135.69,Card,Cancelled
ORD03763,CUST00784,6/19/2024,2159.18,Card,Delivered
ORD03764,CUST00448,4/5/2024,14629.54,COD,Shipped
ORD03765,CUST00222,1/30/2024,2050.11,COD,Cancelled
ORD03766,CUST00176,6/25/2024,14304.85,NetBanking,Pending
ORD03767,CUST00248,4/24/2024,349.61,UPI,Pending
ORD03768,CUST00794,1/20/2025,12336.26,UPI,Pending
ORD03769,CUST00344,4/26/2024,1480.81,NetBanking,Shipped
ORD03770,CUST00153,11/27/2024,4222.09,COD,Pending
ORD03771,CUST00126,7/7/2024,2052.14,Card,Pending
ORD03772,CUST00649,1/24/2025,8706.39,UPI,Delivered
ORD03773,CUST00818,1/3/2025,5500.78,Card,Pending
ORD03774,CUST00947,1/5/2025,11552.62,Card,Shipped
ORD03775,CUST00505,3/10/2024,6630.24,Card,Cancelled
ORD03776,CUST00154,3/7/2024,8085.3,NetBanking,Pending
ORD03777,CUST00792,3/22/2024,14207.73,Card,Pending
ORD03778,CUST00917,3/12/2024,11840.54,Card,Pending
ORD03779,CUST00181,12/11/2024,2956.33,Card,Delivered
ORD03780,CUST00239,1/19/2024,12186.71,COD,Delivered
ORD03781,CUST00557,1/4/2024,10455.31,NetBanking,Shipped
ORD03782,CUST00213,12/1/2024,3914.55,UPI,Shipped
ORD03783,CUST00457,1/15/2025,364.88,Card,Shipped
ORD03784,CUST00909,4/29/2024,11472.62,UPI,Shipped
ORD03785,CUST00288,9/30/2024,5633.59,UPI,Shipped
ORD03786,CUST00662,7/3/2024,7405.61,UPI,Cancelled
ORD03787,CUST00225,8/25/2024,6710.34,NetBanking,Delivered
ORD03788,CUST00973,9/1/2024,6430.3,COD,Delivered
ORD03789,CUST00669,4/2/2025,9491.94,NetBanking,Cancelled
ORD03790,CUST00723,3/8/2025,5476.83,NetBanking,Shipped
ORD03791,CUST00377,2/19/2024,7444.12,Card,Pending
ORD03792,CUST00685,11/13/2024,2528.66,NetBanking,Delivered
ORD03793,CUST00212,6/14/2024,10756.67,COD,Shipped
ORD03794,CUST00993,11/27/2024,14864,COD,Cancelled
ORD03795,CUST00210,11/11/2024,4093.49,Card,Shipped
ORD03796,CUST00823,11/21/2024,8668.06,Card,Pending
ORD03797,CUST00933,11/10/2024,9186.39,Card,Shipped
ORD03798,CUST00711,2/11/2024,5709.96,Card,Shipped
ORD03799,CUST00609,2/18/2024,7745.18,COD,Cancelled
ORD03800,CUST00372,2/12/2025,11734.79,UPI,Shipped
ORD03801,CUST00012,6/18/2024,6062.61,COD,Pending
ORD03802,CUST00688,11/22/2024,11557.71,COD,Pending
ORD03803,CUST00305,4/24/2024,7514.34,COD,Delivered
ORD03804,CUST00305,3/21/2025,12466.81,COD,Shipped
ORD03805,CUST00573,3/13/2024,8836.91,UPI,Delivered
ORD03806,CUST00541,4/28/2024,5157.25,NetBanking,Shipped
ORD03807,CUST00481,3/14/2025,5840.78,Card,Delivered
ORD03808,CUST00361,6/15/2024,8576.5,COD,Shipped
ORD03809,CUST00694,4/9/2025,6738.14,Card,Pending
ORD03810,CUST00611,4/26/2024,9135.02,NetBanking,Cancelled
ORD03811,CUST00206,1/4/2024,8433.71,NetBanking,Cancelled
ORD03812,CUST00762,2/7/2025,4432.75,NetBanking,Pending
ORD03813,CUST00679,2/2/2025,9863.19,Card,Delivered
ORD03814,CUST00060,8/28/2024,7800.51,Card,Delivered
ORD03815,CUST00154,1/28/2024,11127.3,UPI,Delivered
ORD03816,CUST00150,12/5/2024,11097.26,COD,Shipped
ORD03817,CUST00688,7/13/2024,5765.44,Card,Cancelled
ORD03818,CUST00400,1/11/2025,9920.81,COD,Shipped
ORD03819,CUST00722,1/3/2025,12437.08,Card,Shipped
ORD03820,CUST00941,5/25/2024,7673.88,NetBanking,Shipped
ORD03821,CUST00067,11/2/2024,6506.05,COD,Delivered
ORD03822,CUST00099,2/12/2025,8787.85,UPI,Delivered
ORD03823,CUST00562,6/3/2024,7887.08,COD,Delivered
ORD03824,CUST00453,1/17/2025,3276.52,Card,Pending
ORD03825,CUST00312,6/7/2024,13874.83,COD,Shipped
ORD03826,CUST00481,12/6/2024,7808.65,NetBanking,Cancelled
ORD03827,CUST00496,2/16/2024,14877.45,UPI,Delivered
ORD03828,CUST00203,11/2/2024,7535.6,COD,Cancelled
ORD03829,CUST00961,4/13/2025,11613.22,NetBanking,Delivered
ORD03830,CUST00293,1/8/2024,5381.03,COD,Shipped
ORD03831,CUST00279,1/1/2025,6393.31,NetBanking,Cancelled
ORD03832,CUST00506,4/13/2025,11933.07,Card,Pending
ORD03833,CUST00563,1/28/2025,13256.31,NetBanking,Shipped
ORD03834,CUST00967,9/13/2024,8674.48,NetBanking,Pending
ORD03835,CUST00354,8/11/2024,13792.18,UPI,Shipped
ORD03836,CUST00556,8/14/2024,12022.94,NetBanking,Pending
ORD03837,CUST00093,8/14/2024,8982.54,Card,Pending
ORD03838,CUST00252,5/20/2024,12266.27,NetBanking,Delivered
ORD03839,CUST00840,11/6/2024,6168.49,NetBanking,Shipped
ORD03840,CUST00042,9/14/2024,6047.06,NetBanking,Delivered
ORD03841,CUST00246,3/17/2024,867.17,COD,Cancelled
ORD03842,CUST00822,7/20/2024,9202.25,Card,Cancelled
ORD03843,CUST00228,4/21/2025,4612.92,Card,Cancelled
ORD03844,CUST00542,5/8/2024,6204.37,NetBanking,Shipped
ORD03845,CUST00192,2/27/2024,12339.67,NetBanking,Pending
ORD03846,CUST00843,1/17/2024,3679.99,COD,Delivered
ORD03847,CUST00534,1/3/2024,8279.34,Card,Cancelled
ORD03848,CUST00318,3/20/2025,6410.19,NetBanking,Pending
ORD03849,CUST00001,8/6/2024,13589.71,UPI,Shipped
ORD03850,CUST00413,9/1/2024,4041.44,NetBanking,Pending
ORD03851,CUST00753,8/8/2024,13727.29,UPI,Delivered
ORD03852,CUST00084,8/6/2024,2956.69,UPI,Cancelled
ORD03853,CUST00773,1/23/2024,3718.55,COD,Cancelled
ORD03854,CUST00565,6/28/2024,11872.04,UPI,Delivered
ORD03855,CUST00807,1/22/2024,12462.51,UPI,Cancelled
ORD03856,CUST00617,9/23/2024,3479.84,Card,Cancelled
ORD03857,CUST00866,3/8/2024,8248.36,COD,Delivered
ORD03858,CUST00835,2/21/2024,3506.68,NetBanking,Cancelled
ORD03859,CUST00001,1/18/2025,11543.02,UPI,Shipped
ORD03860,CUST00347,10/27/2024,11823.98,COD,Shipped
ORD03861,CUST00532,2/8/2025,371.11,UPI,Delivered
ORD03862,CUST00877,4/4/2024,4555.69,NetBanking,Pending
ORD03863,CUST00987,2/18/2024,8221.26,NetBanking,Delivered
ORD03864,CUST00766,7/16/2024,13732.1,UPI,Cancelled
ORD03865,CUST00582,11/7/2024,11606.73,UPI,Shipped
ORD03866,CUST00411,4/12/2025,9456.99,NetBanking,Delivered
ORD03867,CUST00365,3/25/2025,5173.44,UPI,Shipped
ORD03868,CUST00951,3/2/2025,8730.55,COD,Delivered
ORD03869,CUST00444,9/13/2024,11965.31,COD,Delivered
ORD03870,CUST00008,9/4/2024,8136.77,NetBanking,Shipped
ORD03871,CUST00872,11/1/2024,3219.31,Card,Cancelled
ORD03872,CUST00503,1/9/2024,13792.45,UPI,Pending
ORD03873,CUST00158,2/12/2024,14450.02,Card,Shipped
ORD03874,CUST00144,2/20/2025,1298.54,Card,Cancelled
ORD03875,CUST00362,10/22/2024,2615.26,Card,Delivered
ORD03876,CUST00893,10/15/2024,14141.78,NetBanking,Delivered
ORD03877,CUST00054,12/6/2024,14166.31,Card,Pending
ORD03878,CUST00693,3/22/2025,1281.02,COD,Pending
ORD03879,CUST00535,7/4/2024,8423.94,COD,Shipped
ORD03880,CUST00460,1/1/2025,3972.32,UPI,Pending
ORD03881,CUST00109,7/23/2024,1210.74,Card,Pending
ORD03882,CUST01000,2/7/2025,11161.72,UPI,Shipped
ORD03883,CUST00061,4/14/2025,14921.22,NetBanking,Delivered
ORD03884,CUST00326,8/7/2024,7457.72,UPI,Shipped
ORD03885,CUST00121,2/26/2024,8404.64,UPI,Delivered
ORD03886,CUST00084,10/4/2024,13508.42,Card,Shipped
ORD03887,CUST00696,3/23/2025,9295.8,Card,Shipped
ORD03888,CUST00187,1/31/2024,5003.28,COD,Shipped
ORD03889,CUST00440,1/31/2024,11862.85,Card,Delivered
ORD03890,CUST00292,2/8/2025,12276.71,NetBanking,Pending
ORD03891,CUST00674,10/11/2024,10375.35,UPI,Delivered
ORD03892,CUST00597,3/27/2025,10617.61,UPI,Pending
ORD03893,CUST00561,3/16/2025,916.35,NetBanking,Cancelled
ORD03894,CUST00353,1/16/2024,2616.5,UPI,Shipped
ORD03895,CUST00051,1/21/2025,12669.72,COD,Delivered
ORD03896,CUST00126,9/22/2024,6193.23,NetBanking,Delivered
ORD03897,CUST00706,4/27/2025,13371.36,UPI,Cancelled
ORD03898,CUST00766,5/10/2024,11984.45,COD,Delivered
ORD03899,CUST00555,3/24/2025,10581.74,COD,Delivered
ORD03900,CUST00040,5/11/2024,12105.75,Card,Cancelled
ORD03901,CUST00578,8/5/2024,5020.11,NetBanking,Cancelled
ORD03902,CUST00840,1/16/2024,6178.31,NetBanking,Delivered
ORD03903,CUST00848,7/30/2024,2149.2,COD,Cancelled
ORD03904,CUST00408,6/23/2024,6596.54,Card,Cancelled
ORD03905,CUST00670,10/19/2024,801.2,NetBanking,Shipped
ORD03906,CUST00281,11/7/2024,1356.98,Card,Delivered
ORD03907,CUST00636,5/28/2024,5514.48,COD,Pending
ORD03908,CUST00324,4/1/2024,12749.99,NetBanking,Pending
ORD03909,CUST00771,7/26/2024,5979.91,UPI,Cancelled
ORD03910,CUST00046,4/9/2024,1616.75,NetBanking,Pending
ORD03911,CUST00538,3/12/2024,14710.07,COD,Delivered
ORD03912,CUST00301,8/28/2024,10149.98,COD,Cancelled
ORD03913,CUST00929,10/25/2024,412,COD,Shipped
ORD03914,CUST00826,11/7/2024,6800.66,COD,Delivered
ORD03915,CUST00777,3/2/2024,5975.4,Card,Pending
ORD03916,CUST00009,8/10/2024,11566.31,NetBanking,Shipped
ORD03917,CUST00828,5/18/2024,14130.19,COD,Pending
ORD03918,CUST00048,11/29/2024,2049.05,NetBanking,Pending
ORD03919,CUST00860,3/21/2024,7565.02,COD,Cancelled
ORD03920,CUST00162,1/23/2024,1131,NetBanking,Pending
ORD03921,CUST00136,5/2/2025,3252.97,Card,Cancelled
ORD03922,CUST00281,3/16/2024,2853.81,Card,Cancelled
ORD03923,CUST00350,3/18/2024,12451.5,COD,Delivered
ORD03924,CUST00534,1/1/2024,4951.23,NetBanking,Pending
ORD03925,CUST00065,3/25/2025,6898.72,UPI,Cancelled
ORD03926,CUST00870,5/4/2025,1037.17,Card,Delivered
ORD03927,CUST00369,11/16/2024,13641.25,Card,Cancelled
ORD03928,CUST00786,4/11/2024,1497.32,UPI,Cancelled
ORD03929,CUST00941,7/9/2024,6322.89,NetBanking,Shipped
ORD03930,CUST00680,5/27/2024,2411.32,Card,Shipped
ORD03931,CUST00736,1/6/2025,10724.4,UPI,Delivered
ORD03932,CUST00151,3/28/2025,13836.08,NetBanking,Cancelled
ORD03933,CUST00763,3/31/2025,3548.07,UPI,Cancelled
ORD03934,CUST00716,4/10/2025,9681.99,UPI,Cancelled
ORD03935,CUST00032,3/17/2025,12150.19,COD,Shipped
ORD03936,CUST00712,5/15/2024,13622.62,Card,Pending
ORD03937,CUST00855,3/24/2025,7329.36,Card,Cancelled
ORD03938,CUST00775,1/24/2024,2399.09,UPI,Pending
ORD03939,CUST00544,4/21/2025,2379.63,UPI,Shipped
ORD03940,CUST00638,9/8/2024,14116.77,UPI,Delivered
ORD03941,CUST00016,11/30/2024,14409.69,COD,Shipped
ORD03942,CUST00319,3/17/2025,2606.85,COD,Cancelled
ORD03943,CUST00532,8/25/2024,11630.88,COD,Shipped
ORD03944,CUST00341,12/13/2024,5552,COD,Pending
ORD03945,CUST00290,5/12/2025,11689.27,NetBanking,Shipped
ORD03946,CUST00219,8/1/2024,11555.22,NetBanking,Shipped
ORD03947,CUST00767,4/10/2024,11406.49,COD,Shipped
ORD03948,CUST00319,6/10/2024,4572.33,Card,Shipped
ORD03949,CUST00330,11/23/2024,3198.47,UPI,Delivered
ORD03950,CUST00478,4/5/2025,14555.96,Card,Delivered
ORD03951,CUST00048,6/18/2024,14776.59,NetBanking,Cancelled
ORD03952,CUST00236,7/6/2024,8399.48,Card,Pending
ORD03953,CUST00008,3/22/2024,14807.77,COD,Pending
ORD03954,CUST00446,8/30/2024,5819.43,COD,Delivered
ORD03955,CUST00132,9/29/2024,8196.97,COD,Cancelled
ORD03956,CUST00724,6/13/2024,10505.19,COD,Delivered
ORD03957,CUST00682,1/5/2025,2114.85,COD,Cancelled
ORD03958,CUST00074,4/16/2024,10323.41,Card,Pending
ORD03959,CUST00369,10/11/2024,9141.82,UPI,Cancelled
ORD03960,CUST00769,2/1/2025,10698.35,COD,Shipped
ORD03961,CUST00673,2/18/2024,9891.63,COD,Cancelled
ORD03962,CUST00921,12/30/2024,14120.4,NetBanking,Cancelled
ORD03963,CUST00004,4/22/2024,9606.44,UPI,Delivered
ORD03964,CUST00397,2/16/2025,1407.97,NetBanking,Cancelled
ORD03965,CUST00606,3/13/2024,11869.11,COD,Cancelled
ORD03966,CUST00725,6/29/2024,7028.14,NetBanking,Shipped
ORD03967,CUST00071,4/19/2024,9008.36,COD,Delivered
ORD03968,CUST00126,2/19/2025,10316.17,NetBanking,Shipped
ORD03969,CUST00839,4/26/2024,3796.98,NetBanking,Pending
ORD03970,CUST00638,3/25/2024,6595.61,COD,Delivered
ORD03971,CUST00026,2/17/2024,11300.08,Card,Cancelled
ORD03972,CUST00302,4/25/2024,4662.61,COD,Cancelled
ORD03973,CUST00729,1/13/2025,8232.52,NetBanking,Pending
ORD03974,CUST00071,11/16/2024,11058.19,UPI,Pending
ORD03975,CUST00414,9/19/2024,994.57,Card,Delivered
ORD03976,CUST00587,7/6/2024,8943.3,COD,Cancelled
ORD03977,CUST00468,4/21/2024,6669.15,Card,Shipped
ORD03978,CUST00925,9/8/2024,4469.3,UPI,Shipped
ORD03979,CUST00121,4/19/2024,2570.64,Card,Shipped
ORD03980,CUST00617,3/21/2025,4958.1,UPI,Pending
ORD03981,CUST00297,1/8/2024,6866.94,UPI,Cancelled
ORD03982,CUST00965,1/9/2025,13200,Card,Pending
ORD03983,CUST00475,10/11/2024,4782.88,COD,Pending
ORD03984,CUST00007,5/10/2024,6993.83,Card,Pending
ORD03985,CUST00421,7/16/2024,12922.5,NetBanking,Pending
ORD03986,CUST00004,1/7/2024,10148.71,COD,Pending
ORD03987,CUST00735,5/7/2025,2260.9,Card,Delivered
ORD03988,CUST00991,3/19/2025,2878.58,Card,Delivered
ORD03989,CUST00849,10/24/2024,13933.38,COD,Shipped
ORD03990,CUST00569,9/3/2024,11894.02,COD,Shipped
ORD03991,CUST00268,8/6/2024,10683.06,Card,Shipped
ORD03992,CUST00871,4/11/2024,364.18,NetBanking,Cancelled
ORD03993,CUST00601,11/25/2024,14974.84,COD,Shipped
ORD03994,CUST00779,12/5/2024,742.92,COD,Pending
ORD03995,CUST00990,12/3/2024,6076.97,NetBanking,Cancelled
ORD03996,CUST00097,4/28/2024,2889.22,NetBanking,Cancelled
ORD03997,CUST00349,4/15/2024,7911.56,NetBanking,Delivered
ORD03998,CUST00990,2/27/2024,7908.65,NetBanking,Pending
ORD03999,CUST00101,6/28/2024,2479.5,NetBanking,Shipped
ORD04000,CUST00030,3/1/2024,13119.19,Card,Pending
ORD04001,CUST00699,10/12/2024,1507.55,UPI,Cancelled
ORD04002,CUST00728,10/13/2024,10942.4,Card,Pending
ORD04003,CUST00641,5/9/2024,14255.42,UPI,Delivered
ORD04004,CUST00421,12/18/2024,10953.85,NetBanking,Cancelled
ORD04005,CUST00840,1/12/2025,8376.78,NetBanking,Cancelled
ORD04006,CUST00076,3/26/2024,9415.44,COD,Shipped
ORD04007,CUST00107,4/16/2025,3286.89,COD,Shipped
ORD04008,CUST00706,4/10/2025,6029.38,COD,Shipped
ORD04009,CUST00410,9/7/2024,7026,COD,Pending
ORD04010,CUST00375,9/6/2024,8605.75,NetBanking,Pending
ORD04011,CUST00214,2/6/2024,12535.05,NetBanking,Delivered
ORD04012,CUST00264,9/5/2024,14976.61,UPI,Cancelled
ORD04013,CUST00794,4/22/2024,12247.58,UPI,Cancelled
ORD04014,CUST00443,4/1/2024,11842.02,Card,Shipped
ORD04015,CUST00623,4/12/2024,9182.6,COD,Pending
ORD04016,CUST00373,2/28/2024,13015.12,UPI,Delivered
ORD04017,CUST00084,2/8/2024,3514.37,UPI,Cancelled
ORD04018,CUST00539,6/6/2024,14511.86,NetBanking,Cancelled
ORD04019,CUST00768,4/3/2024,3142.38,NetBanking,Pending
ORD04020,CUST00161,11/12/2024,11420.48,NetBanking,Delivered
ORD04021,CUST00003,2/14/2024,12987.3,COD,Delivered
ORD04022,CUST00957,2/13/2025,5890.21,NetBanking,Pending
ORD04023,CUST00621,12/26/2024,474.51,UPI,Cancelled
ORD04024,CUST00493,4/8/2025,3517.74,UPI,Pending
ORD04025,CUST00628,8/20/2024,14091.37,COD,Pending
ORD04026,CUST00237,12/7/2024,5929.15,Card,Delivered
ORD04027,CUST00692,10/26/2024,6037.17,UPI,Shipped
ORD04028,CUST00199,1/24/2025,6979.42,COD,Cancelled
ORD04029,CUST00691,4/24/2024,2767.08,NetBanking,Pending
ORD04030,CUST00580,10/17/2024,6694.71,Card,Cancelled
ORD04031,CUST00372,4/11/2025,9382.66,COD,Delivered
ORD04032,CUST00865,12/6/2024,11343.24,NetBanking,Cancelled
ORD04033,CUST00699,4/13/2025,6770.18,Card,Shipped
ORD04034,CUST00898,1/28/2025,7435.61,UPI,Delivered
ORD04035,CUST00698,2/29/2024,5167.51,UPI,Pending
ORD04036,CUST00512,12/12/2024,3242.91,Card,Pending
ORD04037,CUST00837,1/3/2024,14502.89,COD,Cancelled
ORD04038,CUST00521,7/27/2024,8367.01,COD,Delivered
ORD04039,CUST00951,1/18/2024,11391.58,NetBanking,Pending
ORD04040,CUST00965,4/12/2024,5332.18,COD,Pending
ORD04041,CUST00850,3/17/2025,12304.3,NetBanking,Shipped
ORD04042,CUST00714,4/30/2025,13753.92,COD,Cancelled
ORD04043,CUST00905,5/19/2024,7543.53,Card,Pending
ORD04044,CUST00154,4/12/2024,7452.03,COD,Pending
ORD04045,CUST00822,3/29/2025,11525.18,NetBanking,Pending
ORD04046,CUST00893,2/17/2025,12017.74,NetBanking,Pending
ORD04047,CUST00760,12/1/2024,5931.24,NetBanking,Cancelled
ORD04048,CUST00454,5/12/2025,11219.81,NetBanking,Cancelled
ORD04049,CUST00644,3/7/2025,12175.4,Card,Cancelled
ORD04050,CUST00454,3/13/2025,13625.44,NetBanking,Delivered
ORD04051,CUST00654,1/2/2025,2119.68,UPI,Cancelled
ORD04052,CUST00454,5/3/2024,7528.29,UPI,Cancelled
ORD04053,CUST00852,12/13/2024,11270.95,COD,Cancelled
ORD04054,CUST00233,3/25/2025,9696.9,NetBanking,Cancelled
ORD04055,CUST00028,3/25/2025,3707.95,NetBanking,Cancelled
ORD04056,CUST00888,10/10/2024,14139.37,COD,Delivered
ORD04057,CUST00236,7/10/2024,8075.02,Card,Cancelled
ORD04058,CUST00413,4/18/2025,8789.12,Card,Delivered
ORD04059,CUST00417,5/6/2024,9092.37,NetBanking,Delivered
ORD04060,CUST00941,12/22/2024,4295.1,UPI,Pending
ORD04061,CUST00470,4/23/2024,3293.67,NetBanking,Delivered
ORD04062,CUST00002,6/29/2024,10881.32,COD,Shipped
ORD04063,CUST00831,3/31/2024,14843.64,NetBanking,Delivered
ORD04064,CUST00106,6/9/2024,879.17,Card,Pending
ORD04065,CUST00529,7/3/2024,3610.82,COD,Pending
ORD04066,CUST00207,4/15/2024,13384.62,COD,Pending
ORD04067,CUST00664,5/23/2024,6520.21,COD,Pending
ORD04068,CUST00039,1/16/2025,3865.07,Card,Pending
ORD04069,CUST00842,4/10/2024,11800.1,COD,Cancelled
ORD04070,CUST00344,2/27/2024,9000.6,UPI,Cancelled
ORD04071,CUST00836,2/22/2025,1233.27,UPI,Delivered
ORD04072,CUST00644,4/1/2024,7440.65,UPI,Pending
ORD04073,CUST00547,2/15/2025,1830.59,NetBanking,Delivered
ORD04074,CUST00307,7/19/2024,14655.95,NetBanking,Pending
ORD04075,CUST00580,8/31/2024,9580.94,Card,Shipped
ORD04076,CUST00884,4/30/2024,12551,COD,Delivered
ORD04077,CUST00258,5/14/2024,3381.45,NetBanking,Pending
ORD04078,CUST00672,3/17/2025,5693.83,COD,Shipped
ORD04079,CUST00350,3/13/2025,539.32,NetBanking,Shipped
ORD04080,CUST00033,7/28/2024,2948.8,COD,Delivered
ORD04081,CUST00414,1/6/2025,12938.62,COD,Cancelled
ORD04082,CUST00775,8/9/2024,7162.59,COD,Delivered
ORD04083,CUST00867,11/21/2024,13731.68,UPI,Shipped
ORD04084,CUST00187,11/3/2024,3739.5,COD,Delivered
ORD04085,CUST00224,3/17/2025,8635.78,Card,Shipped
ORD04086,CUST00473,9/8/2024,3952.59,NetBanking,Delivered
ORD04087,CUST00755,12/24/2024,14497.27,Card,Pending
ORD04088,CUST00958,7/29/2024,7608.12,UPI,Cancelled
ORD04089,CUST00711,4/14/2025,7674.36,UPI,Pending
ORD04090,CUST00068,10/23/2024,11425.72,COD,Cancelled
ORD04091,CUST00908,3/1/2024,643.44,COD,Cancelled
ORD04092,CUST00508,1/21/2024,730.03,COD,Shipped
ORD04093,CUST00551,1/24/2025,10274.81,NetBanking,Pending
ORD04094,CUST00749,9/28/2024,4179.79,Card,Delivered
ORD04095,CUST00261,4/26/2024,7859.66,NetBanking,Pending
ORD04096,CUST00444,4/19/2024,13959.51,NetBanking,Cancelled
ORD04097,CUST00695,12/19/2024,307.14,NetBanking,Cancelled
ORD04098,CUST00133,11/13/2024,7292.29,UPI,Delivered
ORD04099,CUST00121,4/6/2024,13029.7,Card,Pending
ORD04100,CUST00263,2/15/2025,3836.43,UPI,Pending
ORD04101,CUST00763,9/9/2024,7885.01,NetBanking,Cancelled
ORD04102,CUST00911,5/16/2024,816.36,NetBanking,Shipped
ORD04103,CUST00205,1/13/2024,14938.55,UPI,Pending
ORD04104,CUST00909,11/16/2024,5701.79,UPI,Cancelled
ORD04105,CUST00434,3/20/2024,9365.84,UPI,Delivered
ORD04106,CUST00371,1/15/2025,2552.51,UPI,Shipped
ORD04107,CUST00971,11/6/2024,9052.13,COD,Pending
ORD04108,CUST00225,4/10/2024,515.7,Card,Shipped
ORD04109,CUST00871,7/2/2024,14472.04,NetBanking,Cancelled
ORD04110,CUST00004,5/11/2025,14681.38,UPI,Pending
ORD04111,CUST00659,11/1/2024,8978.9,NetBanking,Cancelled
ORD04112,CUST00814,2/16/2025,12655.5,Card,Pending
ORD04113,CUST00947,4/16/2024,2617.62,UPI,Shipped
ORD04114,CUST00999,3/19/2025,9493.74,NetBanking,Shipped
ORD04115,CUST00572,2/17/2024,14650.6,NetBanking,Delivered
ORD04116,CUST00300,1/12/2024,2094.74,UPI,Shipped
ORD04117,CUST00040,12/24/2024,11419.34,COD,Shipped
ORD04118,CUST00931,2/17/2025,1020.9,UPI,Delivered
ORD04119,CUST00244,10/17/2024,13668.7,UPI,Cancelled
ORD04120,CUST00544,6/1/2024,4460.7,COD,Shipped
ORD04121,CUST00529,4/13/2025,5511.95,COD,Pending
ORD04122,CUST00210,3/29/2025,8886.31,Card,Cancelled
ORD04123,CUST00734,3/1/2025,5076.72,NetBanking,Shipped
ORD04124,CUST00850,9/26/2024,1753.67,UPI,Shipped
ORD04125,CUST00149,9/5/2024,12921.53,Card,Shipped
ORD04126,CUST00955,8/11/2024,4262.42,Card,Cancelled
ORD04127,CUST00980,3/20/2025,1657.31,NetBanking,Shipped
ORD04128,CUST00372,3/21/2025,5603.92,COD,Pending
ORD04129,CUST00541,1/31/2025,11794.95,UPI,Cancelled
ORD04130,CUST00347,4/8/2025,8957.88,Card,Delivered
ORD04131,CUST00526,4/24/2025,2034.22,COD,Cancelled
ORD04132,CUST00311,3/8/2025,4074.67,COD,Pending
ORD04133,CUST00692,2/22/2024,12028.27,UPI,Cancelled
ORD04134,CUST00568,9/19/2024,4369.53,UPI,Cancelled
ORD04135,CUST00032,1/12/2025,7754.23,Card,Cancelled
ORD04136,CUST00417,5/27/2024,10735.31,UPI,Shipped
ORD04137,CUST00341,4/14/2025,596.08,COD,Cancelled
ORD04138,CUST00803,6/26/2024,5413.99,Card,Cancelled
ORD04139,CUST00341,3/16/2025,7722.89,UPI,Delivered
ORD04140,CUST00775,9/16/2024,10734.72,Card,Pending
ORD04141,CUST00795,8/12/2024,5080.08,COD,Pending
ORD04142,CUST00509,11/17/2024,14019.82,NetBanking,Cancelled
ORD04143,CUST00895,10/21/2024,2862.81,NetBanking,Delivered
ORD04144,CUST00223,3/5/2024,7811.85,Card,Cancelled
ORD04145,CUST00601,1/12/2025,12221.06,Card,Pending
ORD04146,CUST00482,11/1/2024,9312.29,UPI,Pending
ORD04147,CUST00728,2/1/2024,4418.34,NetBanking,Cancelled
ORD04148,CUST00292,11/3/2024,8301.8,NetBanking,Pending
ORD04149,CUST00918,8/24/2024,4124.24,UPI,Pending
ORD04150,CUST00136,8/6/2024,3122.67,NetBanking,Pending
ORD04151,CUST00866,12/3/2024,7430.97,Card,Cancelled
ORD04152,CUST00601,7/5/2024,3470.75,UPI,Shipped
ORD04153,CUST00462,2/1/2025,6577.7,NetBanking,Delivered
ORD04154,CUST00309,7/11/2024,2034.09,Card,Shipped
ORD04155,CUST00152,9/8/2024,10257.19,COD,Cancelled
ORD04156,CUST00825,4/11/2024,1128.75,NetBanking,Cancelled
ORD04157,CUST00116,4/30/2025,10462.78,Card,Cancelled
ORD04158,CUST00509,2/22/2024,13614.75,UPI,Delivered
ORD04159,CUST00290,6/22/2024,14413.66,NetBanking,Shipped
ORD04160,CUST00297,2/8/2025,5427.24,NetBanking,Cancelled
ORD04161,CUST00446,4/17/2025,12061.02,UPI,Pending
ORD04162,CUST00980,10/12/2024,14553.94,Card,Shipped
ORD04163,CUST00814,7/9/2024,14557.31,COD,Pending
ORD04164,CUST00522,7/31/2024,998.73,NetBanking,Delivered
ORD04165,CUST00823,6/3/2024,11208.51,UPI,Delivered
ORD04166,CUST00428,9/14/2024,11435.16,UPI,Cancelled
ORD04167,CUST00082,4/12/2024,7210.01,NetBanking,Cancelled
ORD04168,CUST00483,12/14/2024,8475.5,Card,Delivered
ORD04169,CUST00736,11/16/2024,8770.46,Card,Shipped
ORD04170,CUST00570,7/19/2024,5878.99,UPI,Shipped
ORD04171,CUST00071,3/21/2025,10089.8,COD,Delivered
ORD04172,CUST00590,9/25/2024,14343.83,NetBanking,Delivered
ORD04173,CUST00035,2/15/2024,5654.6,Card,Delivered
ORD04174,CUST00111,2/17/2024,5667.48,Card,Shipped
ORD04175,CUST00166,1/23/2024,6207.28,UPI,Delivered
ORD04176,CUST00726,11/8/2024,3009.92,Card,Shipped
ORD04177,CUST00585,4/26/2025,6614.75,COD,Delivered
ORD04178,CUST00932,4/4/2024,236.1,Card,Pending
ORD04179,CUST00174,9/22/2024,14165.83,UPI,Shipped
ORD04180,CUST00305,9/27/2024,4393.23,COD,Delivered
ORD04181,CUST00775,1/20/2025,6300.77,COD,Pending
ORD04182,CUST00255,7/25/2024,11266.42,NetBanking,Shipped
ORD04183,CUST00009,1/13/2025,8246.43,NetBanking,Delivered
ORD04184,CUST00302,4/5/2024,2957.95,COD,Pending
ORD04185,CUST00493,5/29/2024,4315.79,COD,Cancelled
ORD04186,CUST00869,5/20/2024,643.79,COD,Shipped
ORD04187,CUST00701,1/27/2025,11521.76,COD,Pending
ORD04188,CUST00246,7/27/2024,6746.68,NetBanking,Delivered
ORD04189,CUST00710,12/15/2024,8335.06,COD,Cancelled
ORD04190,CUST00625,5/19/2024,8583.88,NetBanking,Pending
ORD04191,CUST00457,9/26/2024,10023.52,NetBanking,Cancelled
ORD04192,CUST00836,7/15/2024,9225.93,NetBanking,Shipped
ORD04193,CUST00830,2/17/2024,5040.14,COD,Pending
ORD04194,CUST00670,6/8/2024,2333.76,NetBanking,Delivered
ORD04195,CUST00157,4/27/2025,9473.76,UPI,Pending
ORD04196,CUST00785,5/17/2024,14336.23,COD,Pending
ORD04197,CUST00684,8/2/2024,14940.8,UPI,Delivered
ORD04198,CUST00551,12/4/2024,2894.51,Card,Shipped
ORD04199,CUST00681,5/4/2024,11627.24,Card,Cancelled
ORD04200,CUST00574,7/15/2024,7461.55,Card,Delivered
ORD04201,CUST00479,4/25/2024,3275.27,COD,Cancelled
ORD04202,CUST00397,1/28/2024,10197.25,UPI,Shipped
ORD04203,CUST00424,9/20/2024,7480.71,NetBanking,Cancelled
ORD04204,CUST00514,9/10/2024,3820.19,NetBanking,Cancelled
ORD04205,CUST00599,6/16/2024,5898.62,NetBanking,Pending
ORD04206,CUST00409,12/5/2024,9845.55,NetBanking,Pending
ORD04207,CUST00395,9/14/2024,8512.01,UPI,Delivered
ORD04208,CUST00362,3/29/2025,5192.4,Card,Pending
ORD04209,CUST00767,11/22/2024,7288.87,COD,Cancelled
ORD04210,CUST00262,11/23/2024,14121.46,NetBanking,Shipped
ORD04211,CUST00425,5/10/2025,13749.23,Card,Pending
ORD04212,CUST00377,1/19/2024,6284.09,NetBanking,Pending
ORD04213,CUST00198,6/30/2024,13265.59,NetBanking,Shipped
ORD04214,CUST00063,1/22/2024,4519.22,UPI,Pending
ORD04215,CUST00257,8/14/2024,6947.51,UPI,Cancelled
ORD04216,CUST00052,3/11/2024,3893.49,UPI,Delivered
ORD04217,CUST00995,10/19/2024,8009.68,UPI,Cancelled
ORD04218,CUST00384,7/28/2024,9484.77,Card,Shipped
ORD04219,CUST00901,6/11/2024,12812.82,NetBanking,Delivered
ORD04220,CUST00090,10/5/2024,9463.44,Card,Shipped
ORD04221,CUST00191,3/2/2025,10701.67,COD,Pending
ORD04222,CUST00728,7/29/2024,14927.53,Card,Pending
ORD04223,CUST00606,12/9/2024,10439.22,UPI,Cancelled
ORD04224,CUST00213,3/6/2024,3225.94,UPI,Delivered
ORD04225,CUST00042,7/24/2024,13817.37,UPI,Pending
ORD04226,CUST00040,1/23/2024,5581.73,Card,Delivered
ORD04227,CUST00274,9/27/2024,5373.66,NetBanking,Pending
ORD04228,CUST00633,7/4/2024,9059.25,NetBanking,Shipped
ORD04229,CUST00020,8/30/2024,10608.7,NetBanking,Pending
ORD04230,CUST00981,2/18/2024,1873.35,NetBanking,Shipped
ORD04231,CUST00926,6/11/2024,14705.66,Card,Delivered
ORD04232,CUST00965,6/8/2024,13036.73,COD,Pending
ORD04233,CUST00919,1/9/2025,11181.78,NetBanking,Delivered
ORD04234,CUST00042,4/23/2024,6535.98,UPI,Shipped
ORD04235,CUST00911,4/4/2025,14679.7,UPI,Pending
ORD04236,CUST00602,10/8/2024,6945.46,NetBanking,Shipped
ORD04237,CUST00471,2/25/2025,1831.42,COD,Shipped
ORD04238,CUST00855,5/9/2025,2493.96,NetBanking,Shipped
ORD04239,CUST00625,2/12/2024,2068.63,NetBanking,Shipped
ORD04240,CUST00090,2/13/2025,2858.31,COD,Pending
ORD04241,CUST00408,6/28/2024,12867.23,Card,Shipped
ORD04242,CUST00412,4/13/2024,1479.43,COD,Cancelled
ORD04243,CUST00523,6/22/2024,528.13,Card,Cancelled
ORD04244,CUST00334,8/20/2024,5110,Card,Pending
ORD04245,CUST00963,8/21/2024,2254.92,UPI,Shipped
ORD04246,CUST00645,7/26/2024,13396.38,UPI,Shipped
ORD04247,CUST00742,8/20/2024,4848.46,UPI,Delivered
ORD04248,CUST00984,3/31/2025,5472.45,COD,Pending
ORD04249,CUST00437,1/22/2024,8769.9,NetBanking,Pending
ORD04250,CUST00078,5/4/2025,11634.5,Card,Delivered
ORD04251,CUST00536,12/23/2024,1551.38,COD,Pending
ORD04252,CUST00705,3/21/2025,9062.66,Card,Shipped
ORD04253,CUST00819,7/5/2024,11976.96,Card,Shipped
ORD04254,CUST00645,1/9/2024,13002.58,NetBanking,Cancelled
ORD04255,CUST00597,1/10/2025,10572.77,UPI,Pending
ORD04256,CUST00485,6/18/2024,12301.95,COD,Cancelled
ORD04257,CUST00149,4/6/2024,12938.16,Card,Delivered
ORD04258,CUST00278,3/16/2024,2814.24,NetBanking,Pending
ORD04259,CUST00542,1/18/2025,11805,NetBanking,Delivered
ORD04260,CUST00026,10/20/2024,2311.73,UPI,Cancelled
ORD04261,CUST00877,2/5/2024,11667.26,UPI,Cancelled
ORD04262,CUST00313,12/29/2024,8256.72,UPI,Cancelled
ORD04263,CUST00052,2/20/2024,9180.52,Card,Cancelled
ORD04264,CUST00794,7/19/2024,5602.37,Card,Shipped
ORD04265,CUST00208,8/1/2024,11506.5,UPI,Cancelled
ORD04266,CUST00726,9/3/2024,11629.24,NetBanking,Shipped
ORD04267,CUST00718,8/26/2024,13083.55,UPI,Cancelled
ORD04268,CUST00416,3/2/2024,11611.82,NetBanking,Shipped
ORD04269,CUST00952,8/18/2024,6844.81,Card,Delivered
ORD04270,CUST00474,2/6/2025,358.72,NetBanking,Pending
ORD04271,CUST00114,2/1/2024,12319.94,NetBanking,Shipped
ORD04272,CUST00921,10/9/2024,10263.43,Card,Shipped
ORD04273,CUST00934,4/16/2025,9488.28,COD,Delivered
ORD04274,CUST00658,8/17/2024,12640.4,NetBanking,Pending
ORD04275,CUST00112,9/27/2024,6919.4,COD,Cancelled
ORD04276,CUST00364,1/19/2024,9143.74,COD,Shipped
ORD04277,CUST00706,5/10/2025,11658.61,Card,Delivered
ORD04278,CUST00719,1/25/2025,1224,UPI,Cancelled
ORD04279,CUST00372,1/4/2025,13408.7,UPI,Pending
ORD04280,CUST00788,11/6/2024,8313.3,Card,Delivered
ORD04281,CUST00603,9/6/2024,3335.86,COD,Cancelled
ORD04282,CUST00512,11/25/2024,613.36,NetBanking,Cancelled
ORD04283,CUST00395,1/23/2024,5385.71,NetBanking,Cancelled
ORD04284,CUST00153,2/27/2025,14690.93,NetBanking,Shipped
ORD04285,CUST00862,4/21/2025,5655.4,UPI,Pending
ORD04286,CUST00964,3/12/2025,14858.95,NetBanking,Delivered
ORD04287,CUST00268,10/22/2024,6000.97,UPI,Pending
ORD04288,CUST00902,10/2/2024,9790.88,COD,Shipped
ORD04289,CUST00965,11/30/2024,10874.33,COD,Delivered
ORD04290,CUST00678,10/24/2024,12317.88,COD,Delivered
ORD04291,CUST00132,1/24/2025,14677.26,COD,Delivered
ORD04292,CUST00575,3/3/2024,6654.43,UPI,Delivered
ORD04293,CUST00621,1/14/2024,13315.04,Card,Pending
ORD04294,CUST00004,3/5/2025,8897,UPI,Cancelled
ORD04295,CUST00586,3/8/2025,251.62,UPI,Pending
ORD04296,CUST00051,1/26/2024,13110.89,Card,Pending
ORD04297,CUST00416,12/19/2024,10068.22,UPI,Cancelled
ORD04298,CUST00865,4/20/2025,12073.54,COD,Pending
ORD04299,CUST00503,2/25/2025,12796.83,UPI,Delivered
ORD04300,CUST00688,5/22/2024,8912.31,Card,Pending
ORD04301,CUST00133,9/16/2024,13237.93,UPI,Delivered
ORD04302,CUST00344,10/15/2024,6516.68,COD,Cancelled
ORD04303,CUST00029,8/10/2024,14469.28,COD,Shipped
ORD04304,CUST00326,11/21/2024,14433.98,NetBanking,Pending
ORD04305,CUST00818,12/22/2024,8531.38,UPI,Shipped
ORD04306,CUST00038,3/17/2024,5440.7,UPI,Shipped
ORD04307,CUST00411,7/7/2024,3754.34,COD,Cancelled
ORD04308,CUST00544,1/9/2025,11780.05,Card,Cancelled
ORD04309,CUST00050,1/23/2024,7540.64,UPI,Pending
ORD04310,CUST00765,8/27/2024,4132.12,COD,Pending
ORD04311,CUST00372,4/6/2024,8211.83,Card,Delivered
ORD04312,CUST00745,9/7/2024,7550.24,COD,Cancelled
ORD04313,CUST00462,9/12/2024,9186.75,NetBanking,Cancelled
ORD04314,CUST00564,12/1/2024,4742.05,Card,Cancelled
ORD04315,CUST00619,7/16/2024,8764.6,COD,Delivered
ORD04316,CUST00360,3/31/2024,2340.01,UPI,Delivered
ORD04317,CUST00205,11/9/2024,1111.41,COD,Cancelled
ORD04318,CUST00656,8/6/2024,8753.36,Card,Pending
ORD04319,CUST00503,2/18/2025,1856.65,UPI,Pending
ORD04320,CUST00600,5/7/2025,8712.9,Card,Cancelled
ORD04321,CUST00695,5/2/2024,756.06,UPI,Shipped
ORD04322,CUST00569,1/26/2025,7280.17,Card,Delivered
ORD04323,CUST00657,6/13/2024,6021.06,Card,Pending
ORD04324,CUST00238,7/10/2024,3684.24,NetBanking,Shipped
ORD04325,CUST00707,8/4/2024,2740.64,Card,Cancelled
ORD04326,CUST00563,2/1/2025,14350.35,NetBanking,Pending
ORD04327,CUST00127,9/15/2024,1883.3,Card,Pending
ORD04328,CUST00876,10/29/2024,10033.91,Card,Cancelled
ORD04329,CUST00378,1/16/2025,2008.86,Card,Shipped
ORD04330,CUST00131,2/13/2025,2234.18,Card,Delivered
ORD04331,CUST00661,8/13/2024,7009.33,COD,Cancelled
ORD04332,CUST00956,4/8/2025,319.51,Card,Cancelled
ORD04333,CUST00739,12/17/2024,12204.52,COD,Cancelled
ORD04334,CUST00777,3/4/2025,9733.72,UPI,Cancelled
ORD04335,CUST00989,6/15/2024,7338.86,COD,Pending
ORD04336,CUST00866,2/3/2025,8525.65,COD,Cancelled
ORD04337,CUST00076,4/14/2024,13736.5,NetBanking,Shipped
ORD04338,CUST00657,6/3/2024,4925.12,NetBanking,Shipped
ORD04339,CUST00948,9/14/2024,10495.88,UPI,Cancelled
ORD04340,CUST00361,9/10/2024,668.53,Card,Pending
ORD04341,CUST00052,3/21/2024,9359.73,UPI,Shipped
ORD04342,CUST00606,7/13/2024,10587.08,NetBanking,Pending
ORD04343,CUST00361,11/25/2024,14878.81,Card,Cancelled
ORD04344,CUST00205,4/10/2024,8733.94,COD,Pending
ORD04345,CUST00847,3/31/2025,11906.67,UPI,Cancelled
ORD04346,CUST00017,6/15/2024,6116.09,NetBanking,Shipped
ORD04347,CUST00945,1/31/2025,8772.3,NetBanking,Cancelled
ORD04348,CUST00109,2/14/2025,1094.56,UPI,Delivered
ORD04349,CUST00150,6/2/2024,12899.99,COD,Cancelled
ORD04350,CUST00198,11/14/2024,5362.35,Card,Delivered
ORD04351,CUST00981,4/16/2025,220.67,UPI,Pending
ORD04352,CUST00916,11/8/2024,14083.37,UPI,Shipped
ORD04353,CUST00160,5/6/2025,11487.38,Card,Cancelled
ORD04354,CUST00995,8/17/2024,14308,Card,Cancelled
ORD04355,CUST00515,2/11/2025,13338.54,UPI,Delivered
ORD04356,CUST00333,2/15/2024,10806.27,UPI,Shipped
ORD04357,CUST00470,6/2/2024,5667.58,UPI,Delivered
ORD04358,CUST00858,3/21/2025,6298.14,Card,Pending
ORD04359,CUST00310,4/5/2024,12516.11,NetBanking,Cancelled
ORD04360,CUST00427,5/25/2024,14839.31,UPI,Shipped
ORD04361,CUST00127,5/7/2025,12491.83,NetBanking,Cancelled
ORD04362,CUST00399,2/10/2025,9420.16,Card,Shipped
ORD04363,CUST00256,12/5/2024,8630.32,UPI,Pending
ORD04364,CUST00881,3/4/2025,1433.73,COD,Shipped
ORD04365,CUST00303,12/7/2024,3590.29,COD,Pending
ORD04366,CUST00064,4/12/2025,13791.23,NetBanking,Cancelled
ORD04367,CUST00702,8/29/2024,933.89,UPI,Pending
ORD04368,CUST00816,1/26/2024,11912.86,UPI,Delivered
ORD04369,CUST00592,8/14/2024,14929.15,NetBanking,Delivered
ORD04370,CUST00195,7/19/2024,5192,UPI,Cancelled
ORD04371,CUST00781,11/19/2024,11124.46,Card,Delivered
ORD04372,CUST00175,4/12/2025,2648.78,UPI,Pending
ORD04373,CUST00409,6/22/2024,1197.15,UPI,Cancelled
ORD04374,CUST00260,8/11/2024,10033.97,UPI,Cancelled
ORD04375,CUST00125,5/18/2024,3037.83,Card,Pending
ORD04376,CUST00369,7/19/2024,11016.12,UPI,Shipped
ORD04377,CUST00349,9/22/2024,14711.75,UPI,Cancelled
ORD04378,CUST00442,4/8/2025,10510.31,NetBanking,Delivered
ORD04379,CUST00663,8/12/2024,9266.84,NetBanking,Pending
ORD04380,CUST00175,10/7/2024,8574.13,NetBanking,Shipped
ORD04381,CUST00823,1/12/2025,4699.46,Card,Shipped
ORD04382,CUST00834,2/13/2024,8856.47,UPI,Delivered
ORD04383,CUST00290,11/29/2024,2568.48,NetBanking,Delivered
ORD04384,CUST00113,5/28/2024,4406.81,UPI,Shipped
ORD04385,CUST00526,2/21/2025,14429.87,COD,Shipped
ORD04386,CUST00124,10/24/2024,4410.74,Card,Pending
ORD04387,CUST00158,6/13/2024,284.68,UPI,Shipped
ORD04388,CUST00728,2/24/2025,651.82,COD,Cancelled
ORD04389,CUST00044,3/31/2025,2451.77,NetBanking,Cancelled
ORD04390,CUST00634,8/11/2024,14699.45,COD,Pending
ORD04391,CUST00640,7/5/2024,4599.97,UPI,Shipped
ORD04392,CUST00192,8/25/2024,14104.53,UPI,Shipped
ORD04393,CUST00395,12/4/2024,6964.52,NetBanking,Delivered
ORD04394,CUST00427,4/12/2025,4820.13,NetBanking,Delivered
ORD04395,CUST00990,4/10/2025,4837.65,Card,Delivered
ORD04396,CUST00671,10/13/2024,576.46,UPI,Delivered
ORD04397,CUST00064,4/7/2024,7857.26,Card,Shipped
ORD04398,CUST00368,2/22/2024,6159.1,Card,Shipped
ORD04399,CUST00188,5/28/2024,8238.54,UPI,Shipped
ORD04400,CUST00903,3/16/2024,10952.61,NetBanking,Pending
ORD04401,CUST00966,3/30/2024,6017.37,UPI,Shipped
ORD04402,CUST00162,2/3/2025,348.41,Card,Cancelled
ORD04403,CUST00960,5/6/2024,12558.49,NetBanking,Shipped
ORD04404,CUST00550,5/3/2024,6473.9,UPI,Pending
ORD04405,CUST00395,8/30/2024,638.64,Card,Shipped
ORD04406,CUST00650,11/29/2024,14018.1,COD,Pending
ORD04407,CUST00405,12/28/2024,13667.33,NetBanking,Delivered
ORD04408,CUST00553,5/12/2025,10571.84,COD,Pending
ORD04409,CUST00138,3/17/2025,1310.57,COD,Cancelled
ORD04410,CUST00813,4/1/2024,4523.27,UPI,Delivered
ORD04411,CUST00853,5/3/2024,3436.21,UPI,Cancelled
ORD04412,CUST00075,3/13/2025,476.32,COD,Shipped
ORD04413,CUST00818,5/25/2024,7036.89,Card,Cancelled
ORD04414,CUST00188,5/21/2024,6597.46,NetBanking,Delivered
ORD04415,CUST00763,8/11/2024,12200.18,Card,Shipped
ORD04416,CUST00865,9/5/2024,6629.15,Card,Cancelled
ORD04417,CUST00190,12/24/2024,3449.05,UPI,Shipped
ORD04418,CUST00951,2/11/2025,7767.08,Card,Pending
ORD04419,CUST00197,11/27/2024,14559.65,Card,Pending
ORD04420,CUST00667,10/8/2024,6511.89,UPI,Pending
ORD04421,CUST00756,3/28/2025,13795.49,NetBanking,Shipped
ORD04422,CUST00898,11/29/2024,3637.29,COD,Shipped
ORD04423,CUST00534,2/10/2024,9290.1,NetBanking,Shipped
ORD04424,CUST00841,2/6/2024,1393.52,COD,Shipped
ORD04425,CUST00083,12/11/2024,9831.85,NetBanking,Shipped
ORD04426,CUST00725,6/8/2024,7120.17,UPI,Cancelled
ORD04427,CUST00835,1/4/2024,7145.39,UPI,Pending
ORD04428,CUST00384,9/2/2024,290.72,NetBanking,Cancelled
ORD04429,CUST00592,12/3/2024,9219.44,COD,Shipped
ORD04430,CUST00355,2/4/2025,6949.82,COD,Pending
ORD04431,CUST00788,3/5/2024,1246.25,UPI,Cancelled
ORD04432,CUST00593,4/11/2025,5504.36,NetBanking,Cancelled
ORD04433,CUST00368,1/13/2025,4312.98,Card,Shipped
ORD04434,CUST00380,4/5/2025,8823.95,NetBanking,Delivered
ORD04435,CUST00837,4/10/2024,12722.39,Card,Delivered
ORD04436,CUST00336,1/15/2025,9262.54,NetBanking,Cancelled
ORD04437,CUST00596,2/19/2024,6319.36,NetBanking,Delivered
ORD04438,CUST00766,4/16/2025,10619.19,UPI,Delivered
ORD04439,CUST00421,11/1/2024,7568.69,NetBanking,Delivered
ORD04440,CUST00236,12/10/2024,14664.44,COD,Shipped
ORD04441,CUST00775,7/24/2024,5461.13,UPI,Cancelled
ORD04442,CUST00032,1/10/2025,3926.77,COD,Shipped
ORD04443,CUST00905,9/11/2024,13839.37,Card,Shipped
ORD04444,CUST00268,5/1/2024,2187.76,COD,Pending
ORD04445,CUST00984,3/20/2025,14375.27,Card,Shipped
ORD04446,CUST00649,4/20/2024,12417.94,UPI,Shipped
ORD04447,CUST00083,9/21/2024,6731.96,Card,Cancelled
ORD04448,CUST00882,4/28/2025,4746.67,COD,Cancelled
ORD04449,CUST00143,3/25/2025,14322.42,UPI,Delivered
ORD04450,CUST00166,4/7/2025,6730.29,NetBanking,Pending
ORD04451,CUST00776,5/5/2024,12878.11,Card,Delivered
ORD04452,CUST00314,2/14/2024,9173.62,Card,Shipped
ORD04453,CUST00920,2/23/2024,439,COD,Shipped
ORD04454,CUST00247,5/13/2025,996.81,COD,Cancelled
ORD04455,CUST00995,2/4/2025,8805.69,NetBanking,Delivered
ORD04456,CUST00241,1/14/2024,12247.78,UPI,Delivered
ORD04457,CUST00722,5/4/2024,6378.73,NetBanking,Delivered
ORD04458,CUST00039,12/12/2024,13781.89,Card,Delivered
ORD04459,CUST00157,9/13/2024,4707.36,NetBanking,Delivered
ORD04460,CUST00090,10/5/2024,6826.54,Card,Cancelled
ORD04461,CUST00433,5/12/2025,1127.68,COD,Pending
ORD04462,CUST00812,11/24/2024,9558.57,Card,Delivered
ORD04463,CUST00582,5/24/2024,9177.42,COD,Delivered
ORD04464,CUST00681,4/17/2024,2099.72,UPI,Cancelled
ORD04465,CUST00660,4/6/2024,4808.54,COD,Cancelled
ORD04466,CUST00742,4/19/2024,3232.98,NetBanking,Shipped
ORD04467,CUST00045,2/23/2024,6288.11,UPI,Delivered
ORD04468,CUST00022,2/16/2025,4554.59,COD,Delivered
ORD04469,CUST00013,2/3/2024,9509.29,UPI,Shipped
ORD04470,CUST00241,3/3/2024,5176.18,NetBanking,Pending
ORD04471,CUST00311,10/19/2024,2170.74,COD,Shipped
ORD04472,CUST00698,12/16/2024,2092.97,Card,Cancelled
ORD04473,CUST00774,8/4/2024,12937.25,COD,Shipped
ORD04474,CUST00088,12/2/2024,7439,UPI,Pending
ORD04475,CUST00568,1/1/2025,13612.1,COD,Pending
ORD04476,CUST00488,8/4/2024,11086.14,NetBanking,Delivered
ORD04477,CUST00513,4/21/2024,7309.67,UPI,Shipped
ORD04478,CUST00219,2/8/2025,9175.78,UPI,Shipped
ORD04479,CUST00468,11/10/2024,9719.7,Card,Delivered
ORD04480,CUST00519,5/22/2024,7252.96,UPI,Cancelled
ORD04481,CUST00120,7/3/2024,8886.54,NetBanking,Cancelled
ORD04482,CUST00514,1/13/2025,6266.36,UPI,Pending
ORD04483,CUST00742,2/28/2025,3505.53,UPI,Delivered
ORD04484,CUST00985,9/12/2024,14622.31,COD,Cancelled
ORD04485,CUST00694,1/7/2025,792.74,UPI,Cancelled
ORD04486,CUST00497,3/24/2025,12111.9,NetBanking,Shipped
ORD04487,CUST00583,4/9/2025,1769.44,NetBanking,Shipped
ORD04488,CUST00401,12/4/2024,10860.33,UPI,Cancelled
ORD04489,CUST00286,4/6/2025,12443.13,Card,Shipped
ORD04490,CUST00188,10/25/2024,6831.26,NetBanking,Cancelled
ORD04491,CUST00966,1/16/2024,6276.56,NetBanking,Pending
ORD04492,CUST00468,4/3/2025,324.81,UPI,Pending
ORD04493,CUST00651,5/8/2025,1305.61,NetBanking,Shipped
ORD04494,CUST00573,8/22/2024,9919.61,Card,Delivered
ORD04495,CUST00917,12/17/2024,5326.21,NetBanking,Cancelled
ORD04496,CUST00225,1/21/2025,10171.79,NetBanking,Cancelled
ORD04497,CUST00778,4/24/2025,12771.41,COD,Pending
ORD04498,CUST00480,8/21/2024,10538.45,Card,Shipped
ORD04499,CUST00997,5/14/2025,12026.05,UPI,Delivered
ORD04500,CUST00799,8/21/2024,2269.61,UPI,Cancelled
ORD04501,CUST00788,1/12/2024,11390.23,NetBanking,Pending
ORD04502,CUST00994,1/24/2025,1207.15,UPI,Shipped
ORD04503,CUST00413,5/31/2024,1763.62,COD,Cancelled
ORD04504,CUST00504,12/8/2024,8153.74,UPI,Cancelled
ORD04505,CUST00966,2/18/2024,13338.3,NetBanking,Pending
ORD04506,CUST00496,7/28/2024,1410.92,COD,Cancelled
ORD04507,CUST00280,5/1/2025,2404.24,COD,Shipped
ORD04508,CUST00300,1/29/2025,4649.16,COD,Delivered
ORD04509,CUST00265,12/22/2024,8531.67,COD,Pending
ORD04510,CUST00118,2/12/2024,12117.02,UPI,Pending
ORD04511,CUST00798,8/26/2024,403.94,Card,Shipped
ORD04512,CUST00475,6/16/2024,11693.06,NetBanking,Cancelled
ORD04513,CUST00805,4/24/2024,11369.82,COD,Shipped
ORD04514,CUST00316,3/9/2024,12633.59,COD,Pending
ORD04515,CUST00914,12/2/2024,3994.23,UPI,Shipped
ORD04516,CUST00795,11/23/2024,1044.3,Card,Delivered
ORD04517,CUST00476,2/15/2025,6746.2,Card,Cancelled
ORD04518,CUST00862,7/25/2024,8689.43,NetBanking,Pending
ORD04519,CUST00290,1/12/2024,12855.08,UPI,Delivered
ORD04520,CUST00958,4/20/2025,10265.29,UPI,Delivered
ORD04521,CUST00437,9/18/2024,11563.5,NetBanking,Shipped
ORD04522,CUST00254,3/10/2024,1439.32,NetBanking,Cancelled
ORD04523,CUST00389,12/18/2024,12270.74,UPI,Delivered
ORD04524,CUST00475,3/26/2024,5634.62,UPI,Pending
ORD04525,CUST00023,1/30/2024,3836.81,Card,Pending
ORD04526,CUST00203,5/18/2024,10986.79,Card,Cancelled
ORD04527,CUST00391,3/30/2025,12129.77,COD,Cancelled
ORD04528,CUST00996,1/15/2024,12225.27,NetBanking,Shipped
ORD04529,CUST00142,7/13/2024,4865,Card,Shipped
ORD04530,CUST00075,3/4/2024,12359.96,NetBanking,Delivered
ORD04531,CUST00069,11/22/2024,1880.43,UPI,Shipped
ORD04532,CUST00389,1/15/2024,371.39,UPI,Shipped
ORD04533,CUST00412,1/12/2025,9814.31,Card,Delivered
ORD04534,CUST00034,2/5/2025,5535.12,Card,Shipped
ORD04535,CUST00692,2/8/2024,4777.52,Card,Pending
ORD04536,CUST00950,2/5/2025,6678.54,Card,Cancelled
ORD04537,CUST00205,2/21/2025,8495.96,Card,Cancelled
ORD04538,CUST00435,1/31/2025,1974.8,COD,Delivered
ORD04539,CUST00702,5/8/2025,4827.52,NetBanking,Cancelled
ORD04540,CUST00146,1/11/2025,6313.69,UPI,Cancelled
ORD04541,CUST00847,3/11/2025,5075.87,Card,Pending
ORD04542,CUST00793,1/25/2025,14952.05,NetBanking,Shipped
ORD04543,CUST00543,7/24/2024,2083.34,NetBanking,Delivered
ORD04544,CUST00110,9/30/2024,4191.73,NetBanking,Delivered
ORD04545,CUST00819,4/3/2024,3034.26,Card,Cancelled
ORD04546,CUST00380,10/11/2024,8978.8,NetBanking,Delivered
ORD04547,CUST00212,12/21/2024,14245.29,NetBanking,Shipped
ORD04548,CUST00531,9/17/2024,647.85,UPI,Pending
ORD04549,CUST00047,6/10/2024,13118.3,UPI,Pending
ORD04550,CUST00217,2/17/2025,5538.54,NetBanking,Shipped
ORD04551,CUST00186,7/2/2024,4351.38,COD,Pending
ORD04552,CUST00495,9/7/2024,3946.06,NetBanking,Pending
ORD04553,CUST00814,5/15/2024,8892.05,UPI,Cancelled
ORD04554,CUST00290,8/6/2024,12139.64,UPI,Pending
ORD04555,CUST00396,1/5/2024,8610.84,Card,Pending
ORD04556,CUST00560,6/1/2024,6628.98,COD,Cancelled
ORD04557,CUST00374,2/16/2025,12074.44,COD,Pending
ORD04558,CUST00234,10/30/2024,11820.33,NetBanking,Cancelled
ORD04559,CUST00824,11/30/2024,5821.62,UPI,Shipped
ORD04560,CUST00023,3/3/2024,13312.1,NetBanking,Delivered
ORD04561,CUST00161,8/27/2024,12923.68,NetBanking,Cancelled
ORD04562,CUST00203,1/9/2025,9125.17,UPI,Delivered
ORD04563,CUST00445,1/21/2025,1094.61,Card,Shipped
ORD04564,CUST00648,3/7/2025,11198.96,COD,Delivered
ORD04565,CUST00578,8/13/2024,2321.19,Card,Cancelled
ORD04566,CUST00961,12/8/2024,13412.79,UPI,Pending
ORD04567,CUST00207,5/31/2024,2040.75,COD,Delivered
ORD04568,CUST00135,4/21/2024,5701.65,Card,Cancelled
ORD04569,CUST00691,5/6/2024,9592.4,NetBanking,Cancelled
ORD04570,CUST00159,4/25/2025,7006.95,NetBanking,Shipped
ORD04571,CUST00947,12/17/2024,3793.41,UPI,Pending
ORD04572,CUST00933,10/29/2024,4116.01,COD,Cancelled
ORD04573,CUST00949,6/21/2024,12016.89,NetBanking,Cancelled
ORD04574,CUST00468,3/7/2025,11049.08,UPI,Shipped
ORD04575,CUST00743,8/17/2024,3057.08,UPI,Pending
ORD04576,CUST00896,12/29/2024,4460.87,Card,Pending
ORD04577,CUST00110,1/8/2025,8030.44,Card,Shipped
ORD04578,CUST00700,4/22/2025,4341.92,UPI,Shipped
ORD04579,CUST00615,4/19/2024,14481.86,COD,Shipped
ORD04580,CUST00397,8/31/2024,1714.96,COD,Cancelled
ORD04581,CUST00032,12/29/2024,11543.39,NetBanking,Delivered
ORD04582,CUST00746,5/22/2024,13860.63,NetBanking,Cancelled
ORD04583,CUST00083,2/20/2024,2617.88,COD,Shipped
ORD04584,CUST00082,9/15/2024,14363.63,UPI,Cancelled
ORD04585,CUST00961,1/4/2024,2210.69,Card,Shipped
ORD04586,CUST00489,1/20/2024,11669.18,NetBanking,Cancelled
ORD04587,CUST00366,10/27/2024,2711.68,Card,Pending
ORD04588,CUST00954,2/3/2025,13518.81,COD,Pending
ORD04589,CUST00280,2/10/2025,2901.89,Card,Cancelled
ORD04590,CUST00272,12/23/2024,3411.94,Card,Pending
ORD04591,CUST00749,4/9/2024,11855.55,COD,Shipped
ORD04592,CUST00429,11/7/2024,11592.1,Card,Delivered
ORD04593,CUST00982,2/26/2025,5301.75,UPI,Delivered
ORD04594,CUST00389,3/11/2024,220.94,COD,Shipped
ORD04595,CUST00264,2/4/2024,3066.91,NetBanking,Pending
ORD04596,CUST00899,5/4/2025,8624.91,COD,Cancelled
ORD04597,CUST00896,4/20/2024,7551.43,NetBanking,Cancelled
ORD04598,CUST00255,8/31/2024,1848.7,UPI,Cancelled
ORD04599,CUST00005,4/2/2024,8492.66,Card,Delivered
ORD04600,CUST00465,10/11/2024,3485.32,NetBanking,Delivered
ORD04601,CUST00638,8/31/2024,3301.97,Card,Pending
ORD04602,CUST00871,8/18/2024,12478.1,Card,Delivered
ORD04603,CUST00627,3/7/2024,7249.75,Card,Cancelled
ORD04604,CUST00088,4/26/2025,11182.74,NetBanking,Delivered
ORD04605,CUST00786,4/2/2025,2566.65,COD,Cancelled
ORD04606,CUST00655,11/6/2024,12475.96,UPI,Shipped
ORD04607,CUST00558,7/29/2024,10799.49,UPI,Delivered
ORD04608,CUST00155,8/29/2024,2757.76,COD,Delivered
ORD04609,CUST00161,3/22/2025,14167.76,UPI,Cancelled
ORD04610,CUST00185,6/26/2024,3830.6,NetBanking,Pending
ORD04611,CUST00039,1/30/2025,2144.79,Card,Delivered
ORD04612,CUST00336,2/20/2025,12198.23,COD,Cancelled
ORD04613,CUST00472,2/28/2024,5539.52,UPI,Shipped
ORD04614,CUST00202,3/26/2024,403.66,UPI,Pending
ORD04615,CUST00004,3/18/2025,13312.64,NetBanking,Delivered
ORD04616,CUST00345,8/26/2024,374.45,NetBanking,Delivered
ORD04617,CUST00227,4/29/2025,14004.78,UPI,Pending
ORD04618,CUST00641,9/19/2024,8284.64,COD,Cancelled
ORD04619,CUST00718,9/21/2024,11764.28,NetBanking,Cancelled
ORD04620,CUST00555,12/15/2024,5203.65,UPI,Cancelled
ORD04621,CUST00772,10/21/2024,1635.1,NetBanking,Delivered
ORD04622,CUST00634,5/31/2024,12466.91,COD,Shipped
ORD04623,CUST00255,4/6/2025,5984.23,NetBanking,Pending
ORD04624,CUST00457,3/6/2024,2834.12,COD,Cancelled
ORD04625,CUST00554,2/23/2024,13686.83,NetBanking,Shipped
ORD04626,CUST00316,1/21/2024,11939.8,Card,Cancelled
ORD04627,CUST00679,1/26/2025,4994.5,UPI,Cancelled
ORD04628,CUST00411,4/9/2025,2364.3,COD,Pending
ORD04629,CUST00679,5/13/2024,3062.01,NetBanking,Shipped
ORD04630,CUST00588,3/15/2025,13582.93,UPI,Pending
ORD04631,CUST00900,2/5/2025,13837.49,COD,Pending
ORD04632,CUST00992,5/11/2024,695.98,COD,Cancelled
ORD04633,CUST00323,9/29/2024,6808.48,UPI,Delivered
ORD04634,CUST00405,1/28/2024,9755.32,COD,Pending
ORD04635,CUST00155,11/24/2024,14679.39,NetBanking,Delivered
ORD04636,CUST00459,9/15/2024,9447.25,COD,Cancelled
ORD04637,CUST00466,4/20/2024,7196.1,UPI,Shipped
ORD04638,CUST00589,5/22/2024,3348.86,UPI,Pending
ORD04639,CUST00273,1/14/2025,5474.34,Card,Cancelled
ORD04640,CUST00959,5/6/2024,6690.39,UPI,Cancelled
ORD04641,CUST00003,8/13/2024,4532.34,COD,Shipped
ORD04642,CUST00353,7/18/2024,1210.43,COD,Cancelled
ORD04643,CUST00806,7/20/2024,8782.59,COD,Shipped
ORD04644,CUST00052,1/22/2025,12538.45,Card,Shipped
ORD04645,CUST00976,8/28/2024,3283.47,NetBanking,Pending
ORD04646,CUST00145,3/1/2024,5590.25,COD,Shipped
ORD04647,CUST00159,2/7/2024,12819,UPI,Delivered
ORD04648,CUST00800,10/9/2024,5252.92,NetBanking,Delivered
ORD04649,CUST00240,7/7/2024,2299.55,NetBanking,Shipped
ORD04650,CUST00795,6/23/2024,5947.73,UPI,Delivered
ORD04651,CUST00553,10/24/2024,11810.31,UPI,Cancelled
ORD04652,CUST00503,4/14/2025,12205.72,Card,Pending
ORD04653,CUST00621,11/30/2024,883.43,Card,Delivered
ORD04654,CUST00924,4/13/2024,13668.61,UPI,Shipped
ORD04655,CUST00653,2/24/2025,6203.8,Card,Shipped
ORD04656,CUST00528,10/28/2024,4983.02,NetBanking,Pending
ORD04657,CUST00738,3/19/2025,12079.98,UPI,Pending
ORD04658,CUST00045,2/14/2025,6507.62,UPI,Pending
ORD04659,CUST00962,5/19/2024,5784.44,NetBanking,Shipped
ORD04660,CUST00893,5/6/2024,6788.07,UPI,Cancelled
ORD04661,CUST00606,1/10/2025,1374.3,COD,Cancelled
ORD04662,CUST00973,4/1/2025,4398.93,COD,Pending
ORD04663,CUST00677,2/12/2024,10977.49,COD,Shipped
ORD04664,CUST00933,9/14/2024,10597.51,COD,Shipped
ORD04665,CUST00082,3/23/2025,13616.87,COD,Pending
ORD04666,CUST00309,2/13/2025,12520.25,NetBanking,Cancelled
ORD04667,CUST00384,5/12/2025,12533.43,COD,Pending
ORD04668,CUST00537,3/3/2024,2408.76,COD,Cancelled
ORD04669,CUST00281,2/4/2024,2721.03,NetBanking,Shipped
ORD04670,CUST00066,11/17/2024,3910.25,COD,Shipped
ORD04671,CUST00213,8/2/2024,10690.27,Card,Delivered
ORD04672,CUST00165,11/20/2024,2218.02,Card,Shipped
ORD04673,CUST00322,3/3/2024,8535.17,UPI,Delivered
ORD04674,CUST00716,8/24/2024,12368.57,Card,Shipped
ORD04675,CUST00713,12/4/2024,299.47,NetBanking,Cancelled
ORD04676,CUST00800,4/17/2025,5396.38,COD,Pending
ORD04677,CUST00373,2/6/2024,12484.71,NetBanking,Delivered
ORD04678,CUST00974,1/10/2025,7076.96,COD,Pending
ORD04679,CUST00304,1/4/2024,4871.63,Card,Delivered
ORD04680,CUST00102,4/1/2025,6147.67,NetBanking,Cancelled
ORD04681,CUST00669,8/13/2024,6129.94,COD,Pending
ORD04682,CUST00382,4/22/2025,12283.04,COD,Pending
ORD04683,CUST00882,7/24/2024,3925.28,COD,Delivered
ORD04684,CUST00362,10/14/2024,2060.69,NetBanking,Shipped
ORD04685,CUST00447,10/27/2024,4800.6,NetBanking,Shipped
ORD04686,CUST00503,2/6/2024,5583.6,NetBanking,Pending
ORD04687,CUST00138,9/27/2024,8980.61,COD,Shipped
ORD04688,CUST00370,8/27/2024,4626.48,NetBanking,Shipped
ORD04689,CUST00006,3/26/2024,6580.65,NetBanking,Delivered
ORD04690,CUST00912,7/31/2024,9188.4,COD,Shipped
ORD04691,CUST00539,11/26/2024,6590.56,NetBanking,Delivered
ORD04692,CUST00390,2/1/2024,12046.01,Card,Cancelled
ORD04693,CUST00882,7/31/2024,14409.37,Card,Delivered
ORD04694,CUST00167,5/5/2024,12041.49,UPI,Cancelled
ORD04695,CUST00057,5/6/2024,3070.91,Card,Shipped
ORD04696,CUST00841,5/3/2024,493.31,UPI,Delivered
ORD04697,CUST00115,4/16/2025,12054.38,NetBanking,Delivered
ORD04698,CUST00363,7/24/2024,3923.56,NetBanking,Cancelled
ORD04699,CUST00511,9/24/2024,4932.78,Card,Cancelled
ORD04700,CUST00158,7/1/2024,8628.8,UPI,Cancelled
ORD04701,CUST00284,2/8/2024,3054.29,COD,Cancelled
ORD04702,CUST00466,6/26/2024,10671.17,Card,Cancelled
ORD04703,CUST00960,2/7/2024,6905.39,Card,Pending
ORD04704,CUST00948,12/30/2024,1517.09,Card,Cancelled
ORD04705,CUST00993,6/27/2024,6081.77,COD,Pending
ORD04706,CUST00898,5/13/2025,3862.15,Card,Cancelled
ORD04707,CUST00907,12/29/2024,11219.34,COD,Cancelled
ORD04708,CUST00476,2/4/2024,9869.23,Card,Cancelled
ORD04709,CUST00699,4/28/2025,5928.7,UPI,Delivered
ORD04710,CUST00630,11/3/2024,11299.59,UPI,Pending
ORD04711,CUST00271,3/7/2024,12938.53,NetBanking,Pending
ORD04712,CUST00721,8/3/2024,14244.87,Card,Pending
ORD04713,CUST00907,2/14/2025,10323.26,NetBanking,Shipped
ORD04714,CUST00538,8/8/2024,12928.09,UPI,Pending
ORD04715,CUST00605,5/9/2025,6972.1,COD,Pending
ORD04716,CUST00745,10/16/2024,12609.17,UPI,Delivered
ORD04717,CUST00899,2/20/2025,258.08,COD,Delivered
ORD04718,CUST00778,11/6/2024,1060.3,NetBanking,Shipped
ORD04719,CUST00010,3/4/2025,2980.52,COD,Shipped
ORD04720,CUST00938,2/21/2024,2103.37,NetBanking,Delivered
ORD04721,CUST00043,10/19/2024,9581.89,NetBanking,Pending
ORD04722,CUST00847,3/28/2024,4710.24,NetBanking,Pending
ORD04723,CUST00188,12/18/2024,2427.46,UPI,Pending
ORD04724,CUST00436,6/21/2024,6238.91,Card,Shipped
ORD04725,CUST00362,12/13/2024,739.75,Card,Cancelled
ORD04726,CUST00750,4/6/2024,2145.85,Card,Cancelled
ORD04727,CUST00690,5/3/2024,8169.21,NetBanking,Delivered
ORD04728,CUST00055,4/30/2024,9719.43,NetBanking,Cancelled
ORD04729,CUST00876,4/28/2025,9010.44,NetBanking,Delivered
ORD04730,CUST00281,12/10/2024,13430.73,UPI,Shipped
ORD04731,CUST00290,3/28/2025,8032.45,Card,Cancelled
ORD04732,CUST00500,1/26/2024,4344.29,UPI,Shipped
ORD04733,CUST00888,1/12/2025,3851.93,Card,Delivered
ORD04734,CUST00599,3/13/2025,9666.84,COD,Delivered
ORD04735,CUST00272,3/12/2024,4193.48,NetBanking,Shipped
ORD04736,CUST00025,2/14/2024,13628.02,UPI,Pending
ORD04737,CUST00099,9/4/2024,10105.26,Card,Shipped
ORD04738,CUST00337,12/12/2024,10598.54,Card,Shipped
ORD04739,CUST00891,1/22/2025,7436.65,Card,Pending
ORD04740,CUST00364,8/11/2024,5278.58,COD,Pending
ORD04741,CUST00449,2/3/2024,2083.65,NetBanking,Pending
ORD04742,CUST00231,4/29/2025,5195.79,NetBanking,Delivered
ORD04743,CUST00480,5/27/2024,14076.62,Card,Pending
ORD04744,CUST00439,7/27/2024,1765.14,Card,Shipped
ORD04745,CUST00791,2/12/2025,8741.09,Card,Cancelled
ORD04746,CUST00474,4/1/2024,10675.48,Card,Delivered
ORD04747,CUST00061,6/26/2024,14019.31,UPI,Shipped
ORD04748,CUST00261,3/28/2025,12491.5,Card,Shipped
ORD04749,CUST00052,10/18/2024,6662.63,COD,Cancelled
ORD04750,CUST00186,9/15/2024,13396.25,COD,Pending
ORD04751,CUST00221,4/6/2024,10631.87,UPI,Shipped
ORD04752,CUST00886,11/4/2024,9134.36,UPI,Shipped
ORD04753,CUST00942,8/18/2024,1856.45,UPI,Shipped
ORD04754,CUST00355,8/14/2024,9071.92,NetBanking,Cancelled
ORD04755,CUST00684,8/24/2024,13817.27,NetBanking,Shipped
ORD04756,CUST00809,2/13/2024,11143.05,COD,Shipped
ORD04757,CUST00035,3/31/2024,12531.85,COD,Cancelled
ORD04758,CUST00091,11/2/2024,878.7,NetBanking,Cancelled
ORD04759,CUST00404,4/7/2024,3917.55,Card,Pending
ORD04760,CUST00298,5/16/2024,3914.51,Card,Pending
ORD04761,CUST00096,10/28/2024,3942.66,Card,Delivered
ORD04762,CUST00058,11/19/2024,7058.15,Card,Shipped
ORD04763,CUST00911,4/15/2025,14373.08,COD,Shipped
ORD04764,CUST00161,6/12/2024,7034.87,UPI,Pending
ORD04765,CUST00559,4/16/2025,4930.19,COD,Delivered
ORD04766,CUST00617,1/29/2024,13756.83,Card,Cancelled
ORD04767,CUST00041,4/21/2024,411.12,UPI,Delivered
ORD04768,CUST00434,12/6/2024,3333.25,Card,Cancelled
ORD04769,CUST00749,9/20/2024,12934.91,COD,Pending
ORD04770,CUST00339,3/28/2025,4398.56,NetBanking,Pending
ORD04771,CUST00491,3/2/2024,2652.34,NetBanking,Pending
ORD04772,CUST00029,11/30/2024,3771.67,NetBanking,Pending
ORD04773,CUST00222,11/22/2024,3459.25,NetBanking,Pending
ORD04774,CUST00665,6/30/2024,11876.5,COD,Cancelled
ORD04775,CUST00843,4/25/2025,11614.12,NetBanking,Cancelled
ORD04776,CUST00421,1/18/2025,11075.73,NetBanking,Delivered
ORD04777,CUST00321,8/26/2024,7527.19,NetBanking,Delivered
ORD04778,CUST00528,2/22/2025,5623.47,COD,Pending
ORD04779,CUST00691,10/18/2024,5921.75,NetBanking,Pending
ORD04780,CUST00809,6/16/2024,6295.25,UPI,Shipped
ORD04781,CUST00225,12/27/2024,6826.01,NetBanking,Shipped
ORD04782,CUST00584,4/3/2024,12676.51,NetBanking,Cancelled
ORD04783,CUST00144,11/22/2024,1506.48,Card,Shipped
ORD04784,CUST00909,5/12/2025,2092.65,UPI,Cancelled
ORD04785,CUST00362,6/22/2024,7303.37,NetBanking,Shipped
ORD04786,CUST00657,8/20/2024,2130.83,COD,Pending
ORD04787,CUST00047,7/30/2024,4240.63,NetBanking,Shipped
ORD04788,CUST00440,4/24/2025,4741.9,UPI,Shipped
ORD04789,CUST00867,11/12/2024,7183.59,UPI,Shipped
ORD04790,CUST00499,2/8/2025,2497.78,Card,Delivered
ORD04791,CUST00635,1/9/2024,11731.62,NetBanking,Shipped
ORD04792,CUST00914,6/8/2024,14688.32,Card,Shipped
ORD04793,CUST00622,3/26/2024,9641.83,UPI,Delivered
ORD04794,CUST00690,1/1/2025,10072.31,NetBanking,Pending
ORD04795,CUST00137,4/4/2025,8443.48,UPI,Pending
ORD04796,CUST00443,2/16/2025,10217.69,NetBanking,Shipped
ORD04797,CUST00056,11/4/2024,13832.99,COD,Shipped
ORD04798,CUST00673,12/3/2024,4552.06,COD,Pending
ORD04799,CUST00704,8/22/2024,9430.79,UPI,Pending
ORD04800,CUST00160,9/15/2024,4798.42,COD,Pending
ORD04801,CUST00387,7/19/2024,9191.98,Card,Pending
ORD04802,CUST00701,4/20/2025,12329.8,NetBanking,Shipped
ORD04803,CUST00419,9/22/2024,7682.27,NetBanking,Delivered
ORD04804,CUST00335,9/28/2024,5163.78,Card,Cancelled
ORD04805,CUST00649,2/7/2025,6522.17,COD,Shipped
ORD04806,CUST00390,7/12/2024,8570.37,Card,Shipped
ORD04807,CUST00936,2/17/2025,11715.31,NetBanking,Pending
ORD04808,CUST00835,1/11/2025,2550.83,Card,Cancelled
ORD04809,CUST00848,1/2/2025,13253.14,Card,Pending
ORD04810,CUST00057,5/7/2025,10969.3,NetBanking,Pending
ORD04811,CUST00198,3/31/2024,11758.17,Card,Cancelled
ORD04812,CUST00258,11/22/2024,13153.53,COD,Pending
ORD04813,CUST00108,7/22/2024,880.4,UPI,Cancelled
ORD04814,CUST00747,11/2/2024,11205.96,UPI,Delivered
ORD04815,CUST00891,7/12/2024,7795.39,Card,Pending
ORD04816,CUST00757,1/22/2025,11243.9,COD,Shipped
ORD04817,CUST00996,5/19/2024,3908.59,NetBanking,Delivered
ORD04818,CUST00252,1/21/2025,10266.68,NetBanking,Delivered
ORD04819,CUST00981,9/23/2024,6523.21,NetBanking,Pending
ORD04820,CUST00089,2/13/2025,3597.31,NetBanking,Cancelled
ORD04821,CUST00871,1/25/2024,8509.4,Card,Shipped
ORD04822,CUST00104,3/20/2025,8258.06,UPI,Delivered
ORD04823,CUST00594,7/21/2024,11169.78,NetBanking,Pending
ORD04824,CUST00600,8/3/2024,1208.13,Card,Shipped
ORD04825,CUST00989,9/9/2024,7508.76,Card,Delivered
ORD04826,CUST00795,2/16/2024,10167.04,Card,Shipped
ORD04827,CUST00819,4/21/2025,611.48,COD,Shipped
ORD04828,CUST00514,2/19/2024,11512.86,Card,Delivered
ORD04829,CUST00643,1/4/2024,2468.69,UPI,Cancelled
ORD04830,CUST00222,3/18/2024,1283.3,Card,Shipped
ORD04831,CUST00846,2/20/2025,6045.67,Card,Delivered
ORD04832,CUST00787,5/29/2024,272.09,Card,Delivered
ORD04833,CUST00497,3/26/2024,873.42,Card,Delivered
ORD04834,CUST00610,10/8/2024,13744.06,COD,Shipped
ORD04835,CUST00854,1/18/2024,1863.47,NetBanking,Delivered
ORD04836,CUST00869,4/4/2025,14238.99,UPI,Pending
ORD04837,CUST00651,9/5/2024,4938.96,UPI,Delivered
ORD04838,CUST00006,12/23/2024,10415.87,UPI,Pending
ORD04839,CUST00890,7/11/2024,5272.75,Card,Shipped
ORD04840,CUST00302,4/25/2025,12779.05,Card,Cancelled
ORD04841,CUST00803,4/21/2024,12985.25,COD,Delivered
ORD04842,CUST00936,7/9/2024,1276.41,NetBanking,Pending
ORD04843,CUST00446,6/4/2024,9358.34,UPI,Pending
ORD04844,CUST00642,5/14/2025,1067.02,COD,Delivered
ORD04845,CUST00495,3/9/2024,2281.35,Card,Delivered
ORD04846,CUST00261,3/8/2025,987.79,Card,Delivered
ORD04847,CUST00891,3/16/2025,8270.68,Card,Cancelled
ORD04848,CUST00731,11/17/2024,8604.94,UPI,Shipped
ORD04849,CUST00210,3/4/2025,2682.42,COD,Delivered
ORD04850,CUST00384,1/13/2024,12944.59,Card,Shipped
ORD04851,CUST00715,5/15/2024,1325.98,Card,Shipped
ORD04852,CUST00754,12/15/2024,11361.13,Card,Pending
ORD04853,CUST00165,7/15/2024,5542,UPI,Shipped
ORD04854,CUST00226,2/15/2024,1853.21,COD,Pending
ORD04855,CUST00355,10/15/2024,10938.09,Card,Shipped
ORD04856,CUST00912,3/26/2024,5916.94,UPI,Delivered
ORD04857,CUST00776,1/18/2025,1434.93,COD,Delivered
ORD04858,CUST00823,2/27/2024,6608.49,COD,Pending
ORD04859,CUST00139,1/12/2025,14305.66,UPI,Shipped
ORD04860,CUST00099,6/12/2024,5129.77,COD,Cancelled
ORD04861,CUST00174,1/21/2025,6598.19,Card,Delivered
ORD04862,CUST00176,3/28/2024,803.78,NetBanking,Delivered
ORD04863,CUST00703,9/4/2024,12142.41,NetBanking,Shipped
ORD04864,CUST00878,11/24/2024,542.71,UPI,Cancelled
ORD04865,CUST00203,2/9/2025,1348.53,NetBanking,Delivered
ORD04866,CUST00681,2/1/2024,5272.22,COD,Cancelled
ORD04867,CUST00328,2/11/2025,238.91,NetBanking,Cancelled
ORD04868,CUST00561,3/24/2024,4509.96,COD,Pending
ORD04869,CUST00239,2/1/2024,11768.7,NetBanking,Pending
ORD04870,CUST00625,8/19/2024,7483.63,UPI,Shipped
ORD04871,CUST00667,1/13/2024,6852.69,NetBanking,Cancelled
ORD04872,CUST00042,3/1/2025,5228.19,Card,Cancelled
ORD04873,CUST00736,6/16/2024,13457.81,UPI,Pending
ORD04874,CUST00168,4/7/2025,6739.62,COD,Pending
ORD04875,CUST00953,5/4/2024,10931.25,Card,Delivered
ORD04876,CUST00868,3/1/2024,10406.15,Card,Shipped
ORD04877,CUST00370,1/6/2024,1797.51,Card,Delivered
ORD04878,CUST00198,2/27/2025,3983.16,COD,Shipped
ORD04879,CUST00393,3/11/2025,8105.62,UPI,Delivered
ORD04880,CUST00031,7/5/2024,2845.8,UPI,Pending
ORD04881,CUST00066,6/10/2024,1178.92,COD,Cancelled
ORD04882,CUST00974,3/14/2025,7224.36,UPI,Delivered
ORD04883,CUST00051,8/23/2024,10090.74,NetBanking,Cancelled
ORD04884,CUST00832,4/25/2025,12895.55,COD,Pending
ORD04885,CUST00200,5/2/2025,9535.18,UPI,Shipped
ORD04886,CUST00979,4/2/2025,11824.34,NetBanking,Delivered
ORD04887,CUST00756,8/17/2024,9971.62,UPI,Cancelled
ORD04888,CUST00305,11/20/2024,8236.77,UPI,Shipped
ORD04889,CUST00674,10/4/2024,7913.99,UPI,Delivered
ORD04890,CUST00772,2/21/2024,14242.7,NetBanking,Cancelled
ORD04891,CUST00417,12/23/2024,7597.74,COD,Pending
ORD04892,CUST00427,8/12/2024,13551.36,NetBanking,Shipped
ORD04893,CUST00579,5/17/2024,6106.77,UPI,Delivered
ORD04894,CUST00040,9/4/2024,8610.02,UPI,Pending
ORD04895,CUST00314,8/4/2024,5100.37,COD,Pending
ORD04896,CUST00818,1/23/2025,793.8,Card,Shipped
ORD04897,CUST00005,10/11/2024,3923.42,NetBanking,Shipped
ORD04898,CUST00463,6/5/2024,7671.06,Card,Pending
ORD04899,CUST00673,8/23/2024,2212.58,Card,Shipped
ORD04900,CUST00633,1/31/2024,13777.61,Card,Cancelled
ORD04901,CUST00578,9/25/2024,8423.31,Card,Cancelled
ORD04902,CUST00515,12/28/2024,7582.99,COD,Shipped
ORD04903,CUST00623,11/13/2024,13170.83,Card,Shipped
ORD04904,CUST00743,11/17/2024,5223.86,COD,Delivered
ORD04905,CUST00717,3/24/2024,13536.9,UPI,Shipped
ORD04906,CUST00516,10/21/2024,6133.08,COD,Shipped
ORD04907,CUST00621,12/31/2024,12038.67,NetBanking,Pending
ORD04908,CUST00547,5/26/2024,4432.77,Card,Pending
ORD04909,CUST00600,5/7/2024,8447.1,NetBanking,Pending
ORD04910,CUST00694,2/11/2025,5332.69,Card,Delivered
ORD04911,CUST00751,10/10/2024,8382.28,COD,Pending
ORD04912,CUST00808,3/26/2024,14573.98,COD,Shipped
ORD04913,CUST00997,6/19/2024,14713.24,Card,Shipped
ORD04914,CUST00320,3/14/2025,13445.32,COD,Shipped
ORD04915,CUST00873,1/29/2024,1744.54,COD,Shipped
ORD04916,CUST00277,5/5/2024,11737.26,UPI,Cancelled
ORD04917,CUST00899,12/19/2024,2171.25,NetBanking,Pending
ORD04918,CUST00201,12/19/2024,3980.3,NetBanking,Shipped
ORD04919,CUST00895,5/12/2025,6350.91,COD,Shipped
ORD04920,CUST00890,2/13/2025,8017.05,COD,Shipped
ORD04921,CUST00223,3/30/2025,3085.38,COD,Delivered
ORD04922,CUST00283,5/25/2024,4141.9,NetBanking,Delivered
ORD04923,CUST00930,1/13/2025,13283.63,NetBanking,Shipped
ORD04924,CUST00893,5/18/2024,4499.26,Card,Delivered
ORD04925,CUST00108,2/9/2024,7114.39,NetBanking,Cancelled
ORD04926,CUST00582,5/30/2024,5120.26,NetBanking,Shipped
ORD04927,CUST00833,1/26/2025,1399.59,NetBanking,Shipped
ORD04928,CUST00641,3/14/2025,11570.48,COD,Shipped
ORD04929,CUST00113,9/15/2024,13508.62,UPI,Shipped
ORD04930,CUST00114,11/15/2024,2020.64,COD,Cancelled
ORD04931,CUST00503,1/20/2025,9696.88,Card,Cancelled
ORD04932,CUST00397,12/4/2024,4466.45,COD,Shipped
ORD04933,CUST00452,5/9/2024,10980.91,NetBanking,Shipped
ORD04934,CUST00930,11/29/2024,9402.21,COD,Cancelled
ORD04935,CUST00661,1/26/2025,8634.81,UPI,Cancelled
ORD04936,CUST00875,5/2/2024,231.08,COD,Cancelled
ORD04937,CUST00123,2/18/2025,4064.14,UPI,Shipped
ORD04938,CUST00285,3/14/2025,7305.58,Card,Shipped
ORD04939,CUST00348,1/25/2024,14376.34,Card,Cancelled
ORD04940,CUST00758,6/15/2024,3109.23,UPI,Delivered
ORD04941,CUST00516,1/5/2025,1558.49,NetBanking,Pending
ORD04942,CUST00926,6/2/2024,14262.1,COD,Pending
ORD04943,CUST00173,4/26/2025,4766.37,UPI,Delivered
ORD04944,CUST00276,4/16/2025,9552.18,UPI,Pending
ORD04945,CUST00755,8/3/2024,11203,COD,Delivered
ORD04946,CUST00028,1/6/2025,5788.77,COD,Shipped
ORD04947,CUST00457,1/18/2025,13714.39,UPI,Shipped
ORD04948,CUST00879,2/13/2025,11977.86,COD,Delivered
ORD04949,CUST00347,7/16/2024,332.52,UPI,Cancelled
ORD04950,CUST00086,8/12/2024,5379.94,UPI,Delivered
ORD04951,CUST00923,2/25/2024,2637.41,UPI,Shipped
ORD04952,CUST00196,1/7/2025,1404.67,UPI,Delivered
ORD04953,CUST00261,4/10/2025,11470.79,Card,Pending
ORD04954,CUST00572,3/25/2024,13939.67,COD,Shipped
ORD04955,CUST00137,11/23/2024,1869.74,Card,Delivered
ORD04956,CUST00401,10/10/2024,13350.75,NetBanking,Cancelled
ORD04957,CUST00381,3/13/2024,742.96,COD,Pending
ORD04958,CUST00390,1/25/2025,9344.72,COD,Cancelled
ORD04959,CUST00034,3/24/2024,13985.24,UPI,Cancelled
ORD04960,CUST00285,2/13/2024,12604.58,Card,Cancelled
ORD04961,CUST00015,7/19/2024,9696.25,Card,Pending
ORD04962,CUST00253,3/27/2024,10642.24,COD,Delivered
ORD04963,CUST00363,1/2/2025,8766.47,Card,Cancelled
ORD04964,CUST00614,1/13/2025,10688.58,NetBanking,Pending
ORD04965,CUST00332,5/14/2025,9963.53,COD,Shipped
ORD04966,CUST00772,4/3/2025,13485.51,Card,Shipped
ORD04967,CUST00349,1/15/2024,4853,COD,Pending
ORD04968,CUST00841,12/3/2024,9092.11,Card,Pending
ORD04969,CUST00445,8/15/2024,434.86,NetBanking,Delivered
ORD04970,CUST00378,1/21/2024,8882.13,NetBanking,Delivered
ORD04971,CUST00005,6/11/2024,11623.84,Card,Delivered
ORD04972,CUST00243,5/14/2025,5246.8,COD,Delivered
ORD04973,CUST00137,3/23/2025,8054.94,COD,Pending
ORD04974,CUST00734,8/5/2024,423.16,COD,Shipped
ORD04975,CUST00315,7/1/2024,10212.4,COD,Delivered
ORD04976,CUST00498,4/9/2025,5034.47,UPI,Shipped
ORD04977,CUST00059,2/14/2024,1511.32,NetBanking,Shipped
ORD04978,CUST00170,7/18/2024,10016.63,COD,Cancelled
ORD04979,CUST00672,3/5/2025,4428.54,UPI,Delivered
ORD04980,CUST00804,3/24/2025,2133.71,NetBanking,Cancelled
ORD04981,CUST00301,10/25/2024,1101.1,NetBanking,Shipped
ORD04982,CUST00416,6/13/2024,5727.82,NetBanking,Shipped
ORD04983,CUST00284,2/14/2025,9685.46,COD,Pending
ORD04984,CUST00748,1/26/2025,14189.16,NetBanking,Delivered
ORD04985,CUST00458,2/25/2025,10896.49,COD,Cancelled
ORD04986,CUST00793,1/31/2025,4976.61,Card,Pending
ORD04987,CUST00881,3/24/2025,3929.71,NetBanking,Shipped
ORD04988,CUST00078,6/18/2024,2722.86,NetBanking,Cancelled
ORD04989,CUST00469,8/2/2024,11938.02,UPI,Delivered
ORD04990,CUST00504,12/3/2024,12120.43,Card,Shipped
ORD04991,CUST00492,3/12/2025,8917.03,Card,Cancelled
ORD04992,CUST00703,10/15/2024,11459.62,COD,Cancelled
ORD04993,CUST00166,3/25/2025,3293.58,COD,Pending
ORD04994,CUST00695,5/10/2024,13126.69,UPI,Shipped
ORD04995,CUST00840,1/31/2024,3516.24,NetBanking,Cancelled
ORD04996,CUST00449,1/20/2024,213.64,NetBanking,Delivered
ORD04997,CUST00585,6/24/2024,10774.58,Card,Cancelled
ORD04998,CUST00425,3/14/2024,8550.63,NetBanking,Pending
ORD04999,CUST00328,3/31/2025,3476.37,NetBanking,Delivered
,,12/28/2024,,COD,Pending
